c_addr_id,c_addr_cbd,c_name,c_name_chn,c_admin_type,c_firstyear,c_lastyear,x_coord,y_coord,belongs1_ID,belongs1_Name,belongs1_Name_chn,belongs2_ID,belongs2_Name,belongs2_Name_chn,belongs3_ID,belongs3_Name,belongs3_Name_chn,belongs4_ID,belongs4_Name,belongs4_Name_chn,belongs5_ID,belongs5_Name,belongs5_Name_chn
701926,,Xi Zhou,西周,Chaodai,-1046,-771,,,,,,,,,,,,,,,,,
701927,,Chun Qiu,春秋,Chaodai,-770,-476,,,,,,,,,,,,,,,,,
701928,,Zhan Guo,戰國,Chaodai,-475,-221,,,,,,,,,,,,,,,,,
701929,,Chu,楚,State,-770,-476,,,701927,Chun Qiu,春秋,,,,,,,,,,,,
701930,,Jin,晉,State,-770,-476,,,701927,Chun Qiu,春秋,,,,,,,,,,,,
701931,,Zhou,周,State,-770,-476,,,701927,Chun Qiu,春秋,,,,,,,,,,,,
701932,,Qin,秦,State,-770,-476,,,701927,Chun Qiu,春秋,,,,,,,,,,,,
701933,,Qi,齊,State,-770,-476,,,701927,Chun Qiu,春秋,,,,,,,,,,,,
701934,,Wu,吳,State,-770,-476,,,701927,Chun Qiu,春秋,,,,,,,,,,,,
701935,,Wei,衛,State,-770,-476,,,701927,Chun Qiu,春秋,,,,,,,,,,,,
701936,,Zheng,鄭,State,-770,-476,,,701927,Chun Qiu,春秋,,,,,,,,,,,,
701937,,Qi,齊,State,-475,-221,,,701928,Zhan Guo,戰國,,,,,,,,,,,,
701938,,Han,韓,State,-475,-221,,,701928,Zhan Guo,戰國,,,,,,,,,,,,
701939,,Zhao,趙,State,-475,-221,,,701928,Zhan Guo,戰國,,,,,,,,,,,,
701940,,Wei,魏,State,-475,-221,,,701928,Zhan Guo,戰國,,,,,,,,,,,,
701941,,Yan,燕,State,-475,-221,,,701928,Zhan Guo,戰國,,,,,,,,,,,,
701942,,Chu,楚,State,-475,-221,,,701928,Zhan Guo,戰國,,,,,,,,,,,,
701943,,Qin,秦,State,-475,-221,,,701928,Zhan Guo,戰國,,,,,,,,,,,,
701944,,Xi Guo,西虢,State,,,,,,,,,,,,,,,,,,,
701945,,Xi Guo,西虢,State,-1046,-771,107.3628199,34.35850821,701926,Xi Zhou,西周,,,,,,,,,,,,
701946,,Xi Guo,西虢,State,-1046,-771,111.4051882,34.63864555,701926,Xi Zhou,西周,,,,,,,,,,,,
701947,,Cheng,郕,State,,,,,,,,,,,,,,,,,,,
701948,,Cheng,郕,State,-1046,-1021,107.6850789,34.39623259,701926,Xi Zhou,西周,,,,,,,,,,,,
701949,,Cheng,郕,State,-1042,-771,116.5924625,35.84626786,701926,Xi Zhou,西周,,,,,,,,,,,,
701950,,Bi,畢,State,-1046,-771,108.1748482,35.18676594,701926,Xi Zhou,西周,,,,,,,,,,,,
701951,,Dan,聃,State,,,,,,,,,,,,,,,,,,,
701952,,Dan,聃,State,-1046,-977,108.8116781,34.17473218,701926,Xi Zhou,西周,,,,,,,,,,,,
701953,,Dan,聃,State,-995,-771,112.3480105,30.66665918,701926,Xi Zhou,西周,,,,,,,,,,,,
701954,,Ji,祭,State,-1046,-771,109.5631783,35.65150642,701926,Xi Zhou,西周,,,,,,,,,,,,
701955,,Ji,祭,State,-770,-476,111.8784218,34.32697013,701927,Chun Qiu,春秋,,,,,,,,,,,,
701956,,Zheng,鄭,State,-1046,-771,109.5631783,35.65150642,701926,Xi Zhou,西周,,,,,,,,,,,,
701957,,Zheng,鄭,State,-770,-476,113.7813813,34.48001583,701927,Chun Qiu,春秋,,,,,,,,,,,,
701958,,Mao,毛,State,-1046,-771,109.5631783,35.65150642,701926,Xi Zhou,西周,,,,,,,,,,,,
701959,,Cai,蔡,State,,,,,,,,,,,,,,,,,,,
701960,,Cai,蔡,State,-1046,-1021,109.5631783,35.65150642,701926,Xi Zhou,西周,,,,,,,,,,,,
701961,,Cai,蔡,State,-1042,-522,114.4313823,33.3157619,701926,Xi Zhou,西周,,,,,,,,,,,,
701962,,Cai,蔡,State,,,,,,,,,,,,,,,,,,,
701963,,Cai,蔡,State,-530,-491,114.9319277,32.80044644,701927,Chun Qiu,春秋,,,,,,,,,,,,
701964,,Cai,蔡,State,-518,-476,116.782813,32.28836862,701927,Chun Qiu,春秋,,,,,,,,,,,,
701965,,Cai,蔡,State,-475,-221,112.960025,31.15219121,701928,Zhan Guo,戰國,,,,,,,,,,,,
701966,,Feng,鄷,State,-1046,-771,109.5631783,35.65150642,701926,Xi Zhou,西周,,,,,,,,,,,,
701967,,Guan,管,State,-1046,-771,109.5631783,35.65150642,701926,Xi Zhou,西周,,,,,,,,,,,,
701968,,Dong Guo,東虢,State,,,,,,,,,,,,,,,,,,,
701969,,Dong Guo,東虢,State,-1046,-1021,109.5631783,35.65150642,701926,Xi Zhou,西周,,,,,,,,,,,,
701970,,Dong Guo,東虢,State,-1042,-771,113.2231798,34.79871852,701926,Xi Zhou,西周,,,,,,,,,,,,
701971,,Li Rong,驪戎,State,-1046,-771,109.5631783,35.65150642,701926,Xi Zhou,西周,,,,,,,,,,,,
701972,,Da Rong,大戎,State,-1046,-771,109.5593219,36.42107314,701926,Xi Zhou,西周,,,,,,,,,,,,
701973,,Wu,吳,State,,,,,,,,,,,,,,,,,,,
701974,,Wu,吳,State,-1046,-996,111.2498602,34.86489389,701926,Xi Zhou,西周,,,,,,,,,,,,
701975,,Wu,吳,State,-1020,-771,119.4138469,32.04274324,701926,Xi Zhou,西周,,,,,,,,,,,,
701976,,Yu,虞,State,-1046,-771,111.2498602,34.86489389,701926,Xi Zhou,西周,,,,,,,,,,,,
701977,,Mao,茅,State,,,,,,,,,,,,,,,,,,,
701978,,Mao,茅,State,-1046,-771,111.2498602,34.86489389,701926,Xi Zhou,西周,,,,,,,,,,,,
701979,,Mao,茅,State,-1046,-771,116.2671492,35.0449394,701926,Xi Zhou,西周,,,,,,,,,,,,
701980,,Gao,郜,State,,,,,,,,,,,,,,,,,,,
701981,,Gao,郜,State,-1046,-1021,113.0204595,34.44431042,701926,Xi Zhou,西周,,,,,,,,,,,,
701982,,Gao,郜,State,-1042,-771,115.7409242,34.90832393,701926,Xi Zhou,西周,,,,,,,,,,,,
701983,,Rui,芮,State,-1046,-771,110.6104612,34.72834699,701926,Xi Zhou,西周,,,,,,,,,,,,
701984,,Han,韓,State,,,,,,,,,,,,,,,,,,,
701985,,Han,韓,State,-1046,-782,110.6104612,34.72834699,701926,Xi Zhou,西周,,,,,,,,,,,,
701986,,Han,韓,State,-827,-771,116.2923973,39.36307164,701926,Xi Zhou,西周,,,,,,,,,,,,
701987,,Wei,魏,State,-1046,-771,110.9215329,34.80317129,701926,Xi Zhou,西周,,,,,,,,,,,,
701988,,Xun,荀,State,-1046,-771,110.8920222,35.3881468,701926,Xi Zhou,西周,,,,,,,,,,,,
701989,,Geng,耿,State,-1046,-771,110.705642,35.64225533,701926,Xi Zhou,西周,,,,,,,,,,,,
701990,,Jin,晉,State,-1046,-785,111.6645247,35.70108765,701926,Xi Zhou,西周,,,,,,,,,,,,
701991,,Jin,晉,State,,,,,,,,,,,,,,,,,,,
701992,,Jin,晉,State,-811,-581,111.8308384,35.64014104,701927,Chun Qiu,春秋,,,,,,,,,,,,
701993,,Jin,晉,State,-599,-476,111.3748475,35.59579462,701927,Chun Qiu,春秋,,,,,,,,,,,,
701994,,Tang,唐,State,,,,,,,,,,,,,,,,,,,
701995,,Tang,唐,State,-1046,-1021,111.3748475,35.59579462,701926,Xi Zhou,西周,,,,,,,,,,,,
701996,,Tang,唐,State,-1042,-771,113.1217676,31.903875,701926,Xi Zhou,西周,,,,,,,,,,,,
701997,,Huo,霍,State,-1046,-771,111.8396476,36.58420685,701926,Xi Zhou,西周,,,,,,,,,,,,
701998,,Yang,楊,State,-1046,-771,111.6656663,36.32093939,701926,Xi Zhou,西周,,,,,,,,,,,,
701999,,Shen,沈,State,,,,,,,,,,,,,,,,,,,
702000,,Shen,沈,State,-1046,-771,112.4724574,37.66516722,701926,Xi Zhou,西周,,,,,,,,,,,,
702001,,Shen,沈,State,-770,-476,114.4764174,32.96051849,,,,,,,,,,,,,,,
702002,,Jia,賈,State,-1046,-771,111.1307932,36.41103661,701926,Xi Zhou,西周,,,,,,,,,,,,
702003,,Fan,凡,State,-1046,-771,113.7388577,35.57204064,701926,Xi Zhou,西周,,,,,,,,,,,,
702004,,Zha,柞,State,-1046,-771,114.1939136,35.30501262,701926,Xi Zhou,西周,,,,,,,,,,,,
702005,,Yuan,原,State,-1046,-771,112.4141409,35.08520073,701926,Xi Zhou,西周,,,,,,,,,,,,
702006,,Yong,雍,State,-1046,-771,113.253531,35.33320197,701926,Xi Zhou,西周,,,,,,,,,,,,
702007,,Yu,邘,State,-1046,-771,112.8213856,35.19065862,701926,Xi Zhou,西周,,,,,,,,,,,,
702008,,Mi,密,State,-1046,-771,113.4366143,34.51796385,701926,Xi Zhou,西周,,,,,,,,,,,,
702009,,Xing,邢,State,,,,,,,,,,,,,,,,,,,
702010,,Xing,邢,State,-1046,-996,114.7808658,37.27875527,701926,Xi Zhou,西周,,,,,,,,,,,,
702011,,Xing,邢,State,-1020,-771,113.0498522,34.95060244,701926,Xi Zhou,西周,,,,,,,,,,,,
702012,,Sui,隨,State,,,,,,,,,,,,,,,,,,,
702013,,Sui,隨,State,-1046,-977,112.0086631,37.03176872,701926,Xi Zhou,西周,,,,,,,,,,,,
702014,,Sui,隨,State,-995,-771,113.4071454,31.89358299,701926,Xi Zhou,西周,,,,,,,,,,,,
702015,,Jiang,蔣,State,,,,,,,,,,,,,,,,,,,
702016,,Jiang,蔣,State,-1046,-841,114.1167357,34.40078405,701926,Xi Zhou,西周,,,,,,,,,,,,
702017,,Jiang,蔣,State,-899,-771,115.3141229,32.46081562,701926,Xi Zhou,西周,,,,,,,,,,,,
702018,,Hua,滑,State,,,,,,,,,,,,,,,,,,,
702019,,Hua,滑,State,-1046,-771,114.6888575,35.46150508,701926,Xi Zhou,西周,,,,,,,,,,,,
702020,,Hua,滑,State,-1046,-771,112.684945,34.63725173,701926,Xi Zhou,西周,,,,,,,,,,,,
702021,,Liu,劉,State,-1046,-771,112.7089625,34.55182143,701926,Xi Zhou,西周,,,,,,,,,,,,
702022,,Gu,穀,State,,,,,,,,,,,,,,,,,,,
702023,,Gu,穀,State,-1046,-771,112.4177408,34.69282487,701926,Xi Zhou,西周,,,,,,,,,,,,
702024,,Gu,穀,State,-770,-476,111.4948026,32.19672431,,,,,,,,,,,,,,,
702025,,Jiao,焦,State,-1046,-771,111.4051882,34.63864555,701926,Xi Zhou,西周,,,,,,,,,,,,
702026,,Ying,應,State,-1046,-771,112.8526943,33.74819,701926,Xi Zhou,西周,,,,,,,,,,,,
702027,,Lu,魯,State,,,,,,,,,,,,,,,,,,,
702028,,Lu,魯,State,-1046,-1021,112.6696866,33.77054235,701926,Xi Zhou,西周,,,,,,,,,,,,
702029,,Lu,魯,State,-1042,-771,115.93751,36.40504805,701926,Xi Zhou,西周,,,,,,,,,,,,
702030,,Lu,魯,State,-1042,-771,116.9921883,35.6348611,701926,Xi Zhou,西周,,,,,,,,,,,,
702031,,Dun,頓,State,-1046,-771,114.7151321,33.40419529,701926,Xi Zhou,西周,,,,,,,,,,,,
702032,,Wei,衛,State,,,,,,,,,,,,,,,,,,,
702033,,Wei,衛,State,-1046,-1021,113.3514362,34.20804184,701926,Xi Zhou,西周,,,,,,,,,,,,
702034,,Wei,衛,State,-1042,-771,114.086471,35.5201742,701926,Xi Zhou,西周,,,,,,,,,,,,
702035,,Xi,息,State,-1046,-771,114.6526756,32.23031247,701926,Xi Zhou,西周,,,,,,,,,,,,
702036,,Cao,曹,State,-1046,-771,115.6292861,35.13148599,701926,Xi Zhou,西周,,,,,,,,,,,,
702037,,Ji,極,State,-1046,-771,116.5710631,35.03341757,701926,Xi Zhou,西周,,,,,,,,,,,,
702038,,Teng,滕,State,-1046,-771,117.1433569,35.0623025,701926,Xi Zhou,西周,,,,,,,,,,,,
702039,,Yang,陽,State,-1046,-771,118.4998252,35.89694885,701926,Xi Zhou,西周,,,,,,,,,,,,
702040,,Bei Yan,北燕,State,,,,,,,,,,,,,,,,,,,
702041,,Bei Yan,北燕,State,-1046,-1021,113.9476883,33.67405293,701926,Xi Zhou,西周,,,,,,,,,,,,
702042,,Bei Yan,北燕,State,-1042,-771,115.8662733,39.71016916,701926,Xi Zhou,西周,,,,,,,,,,,,
702043,,Bei Yan,北燕,State,-1042,-771,116.3588962,39.92080522,701926,Xi Zhou,西周,,,,,,,,,,,,
702044,,Xian Yu,鮮虞,State,-770,-476,114.5258436,38.719554,701927,Chun Qiu,春秋,,,,,,,,,,,,
702045,,Ba,巴,State,-1046,-771,107.8637677,30.19691102,701926,Xi Zhou,西周,,,,,,,,,,,,
702046,,Zhou,州,State,-1046,-771,119.1196269,36.31006467,701926,Xi Zhou,西周,,,,,,,,,,,,
702047,,Qi,齊,State,,,,,,,,,,,,,,,,,,,
702048,,Qi,齊,State,-1046,-1021,111.8396476,36.58420685,701926,Xi Zhou,西周,,,,,,,,,,,,
702049,,Qi,齊,State,-1042,-771,118.3135405,36.82586236,701926,Xi Zhou,西周,,,,,,,,,,,,
702050,,Shen,申,State,,,,,,,,,,,,,,,,,,,
702051,,Shen,申,State,-1046,-782,111.8396476,36.58420685,701926,Xi Zhou,西周,,,,,,,,,,,,
702052,,Shen,申,State,-827,-771,112.1860567,33.06080863,701926,Xi Zhou,西周,,,,,,,,,,,,
702053,,Lv,呂,State,,,,,,,,,,,,,,,,,,,
702054,,Lv,呂,State,-1046,-782,111.8396476,36.58420685,701926,Xi Zhou,西周,,,,,,,,,,,,
702055,,Lv,呂,State,-827,-771,112.1860567,33.06080863,701926,Xi Zhou,西周,,,,,,,,,,,,
702056,,Xiang,向,State,-1046,-771,118.9491421,35.70224187,701926,Xi Zhou,西周,,,,,,,,,,,,
702057,,Zhang,鄣,State,-1046,-771,116.3596075,36.003688,701926,Xi Zhou,西周,,,,,,,,,,,,
702058,,Ji,紀,State,-1046,-771,118.8255076,37.02043154,701926,Xi Zhou,西周,,,,,,,,,,,,
702059,,Feng,逢,State,-1046,-771,118.0379803,36.30292374,701926,Xi Zhou,西周,,,,,,,,,,,,
702060,,Xu,許,State,-1046,-547,113.7955324,34.06355806,701926,Xi Zhou,西周,,,,,,,,,,,,
702061,,Xu,許,State,-581,-476,113.2798733,33.55185189,701927,Chun Qiu,春秋,,,,,,,,,,,,
702062,,Li,厲,State,,,,,,,,,,,,,,,,,,,
702063,,Li,厲,State,-1046,-771,113.4071454,31.89358299,701926,Xi Zhou,西周,,,,,,,,,,,,
702064,,You Dai,有駘,State,,,,,,,,,,,,,,,,,,,
702065,,You Dai,有駘,State,-1046,-771,108.1839365,34.32131052,701926,Xi Zhou,西周,,,,,,,,,,,,
702066,,You Dai,有駘,State,-1046,-771,118.0511602,35.29321458,701926,Xi Zhou,西周,,,,,,,,,,,,
702067,,Jiang Rong,姜戎,State,-1046,-771,112.4724574,37.66516722,701926,Xi Zhou,西周,,,,,,,,,,,,
702068,,E,鄂,State,,,,,,,,,,,,,,,,,,,
702069,,E,鄂,State,-1046,-996,111.6645247,35.70108765,701926,Xi Zhou,西周,,,,,,,,,,,,
702070,,E,鄂,State,-1042,-771,113.4071454,31.89358299,701926,Xi Zhou,西周,,,,,,,,,,,,
702071,,E,鄂,State,-877,-771,112.1860567,33.06080863,701926,Xi Zhou,西周,,,,,,,,,,,,
702072,,Nan Yan,南燕,State,-1046,-771,114.1939136,35.30501262,701926,Xi Zhou,西周,,,,,,,,,,,,
702073,,Tan,郯,State,-1046,-771,118.314563,34.66028855,701926,Xi Zhou,西周,,,,,,,,,,,,
702074,,Ju,莒,State,-1046,-771,118.0379803,36.30292374,701926,Xi Zhou,西周,,,,,,,,,,,,
702075,,Ju,莒,State,-770,-476,118.9491421,35.70224187,701927,Chun Qiu,春秋,,,,,,,,,,,,
702076,,Wen,溫,State,-1046,-771,113.0498522,34.95060244,701926,Xi Zhou,西周,,,,,,,,,,,,
702077,,Fan,番,State,-1046,-771,114.1343281,32.31030835,701926,Xi Zhou,西周,,,,,,,,,,,,
702078,,Xue,薛,State,-1046,-771,117.1433569,35.0623025,701926,Xi Zhou,西周,,,,,,,,,,,,
702079,,Xue,薛,State,-770,-476,117.9001229,34.40354592,701927,Chun Qiu,春秋,,,,,,,,,,,,
702080,,Zhu,鑄,State,-1046,-771,118.3071729,35.29918392,701926,Xi Zhou,西周,,,,,,,,,,,,
702081,,Tang,唐,State,-1046,-1021,111.3748475,35.59579462,701926,Xi Zhou,西周,,,,,,,,,,,,
702082,,Tang,唐,State,-1042,-771,112.8699778,33.52408261,701926,Xi Zhou,西周,,,,,,,,,,,,
702083,,Du,杜,State,-1046,-771,109.1716436,33.96999746,701926,Xi Zhou,西周,,,,,,,,,,,,
702084,,Gu,鼓,State,-1046,-771,115.0872552,37.99490758,701926,Xi Zhou,西周,,,,,,,,,,,,
702085,,Qi,杞,State,,,,,,,,,,,,,,,,,,,
702086,,Qi,杞,State,-1046,-771,114.7763894,34.51153839,701926,Xi Zhou,西周,,,,,,,,,,,,
702087,,Qi,杞,State,-1046,-771,117.5650933,35.88400118,701926,Xi Zhou,西周,,,,,,,,,,,,
702088,,Zeng,鄫,State,,,,,,,,,,,,,,,,,,,
702089,,Zeng,鄫,State,-1046,-771,115.0368986,34.39938747,701926,Xi Zhou,西周,,,,,,,,,,,,
702090,,Zeng,鄫,State,-1046,-771,,,701926,Xi Zhou,西周,,,,,,,,,,,,
702091,,Zeng,鄫,State,-1046,-771,118.0379803,36.30292374,701926,Xi Zhou,西周,,,,,,,,,,,,
702092,,Sui,遂,State,-1046,-771,116.9883012,35.82720475,701926,Xi Zhou,西周,,,,,,,,,,,,
702093,,Chen,陳,State,,,,,,,,,,,,,,,,,,,
702094,,Chen,陳,State,-1046,-771,114.086471,35.5201742,701926,Xi Zhou,西周,,,,,,,,,,,,
702095,,Chen,陳,State,-1046,-771,114.8382561,33.67806923,701926,Xi Zhou,西周,,,,,,,,,,,,
702096,,Lu,盧,State,-1046,-771,110.1754234,32.0790132,701926,Xi Zhou,西周,,,,,,,,,,,,
702097,,Lu,盧,State,-770,-476,111.8261667,31.65127863,701927,Chun Qiu,春秋,,,,,,,,,,,,
702098,,Song,宋,State,,,,,,,,,,,,,,,,,,,
702099,,Song,宋,State,-1046,-1021,113.2941701,36.36416459,701926,Xi Zhou,西周,,,,,,,,,,,,
702100,,Song,宋,State,-1042,-771,115.6412152,34.2888657,701926,Xi Zhou,西周,,,,,,,,,,,,
702101,,Dai,戴,State,-1046,-771,114.9753657,34.89647977,701926,Xi Zhou,西周,,,,,,,,,,,,
702102,,Tan,譚,State,-1046,-771,117.666124,36.32715644,701926,Xi Zhou,西周,,,,,,,,,,,,
702103,,Quan,權,State,-1046,-771,111.7891297,30.85563097,701926,Xi Zhou,西周,,,,,,,,,,,,
702104,,Xiao,蕭,State,-1046,-771,116.7915299,34.20310319,701926,Xi Zhou,西周,,,,,,,,,,,,
702105,,Deng,鄧,State,,,,,,,,,,,,,,,,,,,
702106,,Deng,鄧,State,-1046,-1043,112.7359313,34.9408893,701926,Xi Zhou,西周,,,,,,,,,,,,
702107,,Deng,鄧,State,-1046,-771,112.0920751,32.7021399,701926,Xi Zhou,西周,,,,,,,,,,,,
702108,,Ren,任,State,-1046,-771,117.0157583,34.91278047,701926,Xi Zhou,西周,,,,,,,,,,,,
702109,,Zhuan Yu,顓臾,State,-1046,-771,117.9915267,35.74417604,701926,Xi Zhou,西周,,,,,,,,,,,,
702110,,Su,宿,State,-1046,-771,116.3596075,36.003688,701926,Xi Zhou,西周,,,,,,,,,,,,
702111,,Xu Ju,須句,State,-1046,-771,116.3596075,36.003688,701926,Xi Zhou,西周,,,,,,,,,,,,
702112,,Liang,梁,State,-1046,-771,110.4191566,35.58849835,701926,Xi Zhou,西周,,,,,,,,,,,,
702113,,Qin,秦,State,,,,,,,,,,,,,,,,,,,
702114,,Qin,秦,State,-1046,-771,104.9531015,34.06271915,701926,Xi Zhou,西周,,,,,,,,,,,,
702115,,Qin,秦,State,-1046,-771,107.390754,34.54566287,701926,Xi Zhou,西周,,,,,,,,,,,,
702116,,Qin,秦,State,-1046,-771,108.5160749,34.88341495,701926,Xi Zhou,西周,,,,,,,,,,,,
702117,,Lai,萊,State,-1046,-771,118.0379803,36.30292374,701926,Xi Zhou,西周,,,,,,,,,,,,
702118,,Jiao,絞,State,,,,,,,,,,,,,,,,,,,
702119,,Jiao,絞,State,-1046,-771,117.1433569,35.0623025,701926,Xi Zhou,西周,,,,,,,,,,,,
702120,,Jiao,絞,State,-1046,-771,110.8299569,32.84160339,701926,Xi Zhou,西周,,,,,,,,,,,,
702121,,Xu,徐,State,-1046,-771,117.8031886,34.34373191,701926,Xi Zhou,西周,,,,,,,,,,,,
702122,,Liu,六,State,-1046,-771,116.3027344,31.81330219,701926,Xi Zhou,西周,,,,,,,,,,,,
702123,,Ying Shi,英氏,State,-1046,-771,116.3027344,31.81330219,701926,Xi Zhou,西周,,,,,,,,,,,,
702124,,Liao,蓼,State,-1046,-771,116.2216756,32.16958072,701926,Xi Zhou,西周,,,,,,,,,,,,
702125,,Shu,舒,State,-1046,-771,116.8159369,31.30994211,701926,Xi Zhou,西周,,,,,,,,,,,,
702126,,Tong,桐,State,-1046,-771,116.8964485,30.95963518,701926,Xi Zhou,西周,,,,,,,,,,,,
702127,,Zhong Li,鍾離,State,-1046,-771,117.8499226,33.53386177,701926,Xi Zhou,西周,,,,,,,,,,,,
702128,,Er,貳,State,-1046,-771,113.7514579,31.75095758,701926,Xi Zhou,西周,,,,,,,,,,,,
702129,,Jiang,江,State,-1046,-771,114.5208106,32.54634148,701926,Xi Zhou,西周,,,,,,,,,,,,
702130,,Huang,黃,State,-1046,-771,115.1372031,32.13838308,701926,Xi Zhou,西周,,,,,,,,,,,,
702131,,Ge,葛,State,-1046,-771,115.3002927,34.44708314,701926,Xi Zhou,西周,,,,,,,,,,,,
702132,,Dao,道,State,-1046,-771,113.914831,32.71864045,701926,Xi Zhou,西周,,,,,,,,,,,,
702133,,Bai,柏,State,-1046,-771,113.9032967,33.35794191,701926,Xi Zhou,西周,,,,,,,,,,,,
702134,,Zhu,邾,State,-1046,-771,117.1001142,35.33648099,701926,Xi Zhou,西周,,,,,,,,,,,,
702135,,Xiao Zhu,小邾,State,-1046,-771,117.2566458,35.0623025,701926,Xi Zhou,西周,,,,,,,,,,,,
702136,,Yu,鄅,State,-1046,-771,118.2635066,35.75266812,701926,Xi Zhou,西周,,,,,,,,,,,,
702137,,Bi Yang,偪陽,State,-1046,-771,117.5085852,34.64206428,701926,Xi Zhou,西周,,,,,,,,,,,,
702138,,Kuai,鄶,State,-1046,-771,113.5234856,34.59098325,701926,Xi Zhou,西周,,,,,,,,,,,,
702139,,Yun,鄖,State,,,,,,,,,,,,,,,,,,,
702140,,Yun,鄖,State,-1046,-771,110.8299569,32.84160339,701926,Xi Zhou,西周,,,,,,,,,,,,
702141,,Yun,鄖,State,-1046,-771,113.0334066,30.65073728,701926,Xi Zhou,西周,,,,,,,,,,,,
702142,,Chu,楚,State,,,,,,,,,,,,,,,,,,,
702143,,Chu,楚,State,-1046,-771,109.8816998,33.78308329,701926,Xi Zhou,西周,,,,,,,,,,,,
702144,,Chu,楚,State,-1046,-771,112.6427364,30.05915694,701926,Xi Zhou,西周,,,,,,,,,,,,
702145,,Kui,夔,State,-1046,-771,110.6656594,30.91884581,701926,Xi Zhou,西周,,,,,,,,,,,,
702146,,Fan,樊,State,-1046,-771,111.9460413,32.1427771,701926,Xi Zhou,西周,,,,,,,,,,,,
702147,,Mi,麋,State,-1046,-771,110.3096607,32.79846916,701926,Xi Zhou,西周,,,,,,,,,,,,
702148,,Luo,羅,State,,,,,,,,,,,,,,,,,,,
702149,,Luo,羅,State,-1046,-771,112.408485,31.67562341,701926,Xi Zhou,西周,,,,,,,,,,,,
702150,,Luo,羅,State,-1046,-771,111.6693229,30.47134466,701926,Xi Zhou,西周,,,,,,,,,,,,
702151,,Luo,羅,State,-1046,-771,113.67196,28.77279608,701926,Xi Zhou,西周,,,,,,,,,,,,
702152,,Sou Man,鄋瞞,State,-1046,-771,119.6400815,29.16145681,701926,Xi Zhou,西周,,,,,,,,,,,,
702153,,Sou Man,鄋瞞,State,-770,-476,117.3037323,36.7789062,701927,Chun Qiu,春秋,,,,,,,,,,,,
702154,,Hu,胡,State,-1046,-771,115.4638467,33.01024394,701926,Xi Zhou,西周,,,,,,,,,,,,
702155,,Pu,濮,State,-1046,-771,107.0231311,33.01812404,701926,Xi Zhou,西周,,,,,,,,,,,,
702156,,Qiang Jiu Ru,廧咎如,State,-1046,-771,112.4724574,37.66516722,701926,Xi Zhou,西周,,,,,,,,,,,,
702157,,Xian,弦,State,-1046,-771,114.8016307,31.95336946,701926,Xi Zhou,西周,,,,,,,,,,,,
702158,,Lu Hun Zhi Rong,陸渾之戎,State,-1046,-771,112.0075397,33.96493869,701926,Xi Zhou,西周,,,,,,,,,,,,
702159,,Ruo,鄀,State,-1046,-771,111.4083149,32.97922825,701926,Xi Zhou,西周,,,,,,,,,,,,
702160,,Ruo,鄀,State,-770,-476,112.408485,31.67562341,701927,Chun Qiu,春秋,,,,,,,,,,,,
702161,,Xiao Rong,小戎,State,-1046,-771,94.02566536,40.59799859,701926,Xi Zhou,西周,,,,,,,,,,,,
702162,,Jia Fu,甲父,State,-1046,-771,116.2671492,35.0449394,701926,Xi Zhou,西周,,,,,,,,,,,,
702163,,Gui,檜,State,-1046,-771,113.5234856,34.59098325,701926,Xi Zhou,西周,,,,,,,,,,,,
702164,,Mo,嫼,State,-1046,-771,107.3628199,34.35850821,701926,Xi Zhou,西周,,,,,,,,,,,,
702165,,Chao,巢,State,,,,,,,,,,,,,,,,,,,
702166,,Chao,巢,State,-1046,-771,,,701926,Xi Zhou,西周,,,,,,,,,,,,
702167,,Chao,巢,State,-1046,-771,117.7206625,31.63888808,701926,Xi Zhou,西周,,,,,,,,,,,,
702168,,Ceng,曾,State,-1046,-771,113.4071454,31.89358299,701926,Xi Zhou,西周,,,,,,,,,,,,
702169,,Yong,庸,State,-1046,-771,110.1754234,32.0790132,701926,Xi Zhou,西周,,,,,,,,,,,,
702170,,Peng,彭,State,-1046,-771,110.6317145,32.04347317,701926,Xi Zhou,西周,,,,,,,,,,,,
702171,,Li,厲,State,-1046,-771,113.4071454,31.89358299,701926,Xi Zhou,西周,,,,,,,,,,,,
702172,,Shu,蜀,State,-1046,-771,,,701926,Xi Zhou,西周,,,,,,,,,,,,
702173,,Wei,微,State,-1046,-771,,,701926,Xi Zhou,西周,,,,,,,,,,,,
702174,,Zong,宗,State,-1046,-771,,,701926,Xi Zhou,西周,,,,,,,,,,,,
702175,,﻿Quan,﻿權,County,-770,-476,112.9325902,30.89387367,701929,Chu,楚,701927,Chun Qiu,春秋,,,,,,,,,
702176,,Na Chu,那處,County,-770,-476,112.9325902,30.89387367,701929,Chu,楚,701927,Chun Qiu,春秋,,,,,,,,,
702177,,Hu Yang,湖陽,County,-770,-476,112.694605,32.4822122,701929,Chu,楚,701927,Chun Qiu,春秋,,,,,,,,,
702178,,﻿Deng,﻿鄧,County,-770,-476,112.0920751,32.7021399,701929,Chu,楚,701927,Chun Qiu,春秋,,,,,,,,,
702179,,Deng Guo,鄧國,County,-770,-476,111.6016825,32.33359855,701929,Chu,楚,701927,Chun Qiu,春秋,,,,,,,,,
702180,,﻿Shen,﻿申,County,-770,-476,112.1860567,33.06080863,701929,Chu,楚,701927,Chun Qiu,春秋,,,,,,,,,
702181,,Lv,呂,County,-770,-476,111.7348241,33.08301378,701929,Chu,楚,701927,Chun Qiu,春秋,,,,,,,,,
702182,,﻿Xi,﻿息,County,-770,-476,114.7813615,32.2805161,701929,Chu,楚,701927,Chun Qiu,春秋,,,,,,,,,
702183,,Shang,商,County,-770,-476,111.2478578,32.59461105,701929,Chu,楚,701927,Chun Qiu,春秋,,,,,,,,,
702184,,﻿Qi Si,﻿期思,County,-770,-476,115.3141229,32.46081562,701929,Chu,楚,701927,Chun Qiu,春秋,,,,,,,,,
702185,,﻿Xi,﻿析,County,-770,-476,111.3347734,33.46361694,701929,Chu,楚,701927,Chun Qiu,春秋,,,,,,,,,
702186,,﻿Lu,﻿廬,County,-770,-476,111.450637,31.60553006,701929,Chu,楚,701927,Chun Qiu,春秋,,,,,,,,,
702187,,Ruo,鄀,County,-770,-476,111.3488105,32.89586563,701929,Chu,楚,701927,Chun Qiu,春秋,,,,,,,,,
702188,,﻿Yong,﻿庸,County,-770,-476,110.0201636,32.23409832,701929,Chu,楚,701927,Chun Qiu,春秋,,,,,,,,,
702189,,Chen,陳,County,-770,-476,114.8382561,33.67806923,701929,Chu,楚,701927,Chun Qiu,春秋,,,,,,,,,
702190,,﻿Shen,﻿沈,County,-770,-476,115.3282874,32.85900567,701929,Chu,楚,701927,Chun Qiu,春秋,,,,,,,,,
702191,,﻿Cheng Fu,﻿城父,County,-770,-476,113.2914423,33.89082191,701929,Chu,楚,701927,Chun Qiu,春秋,,,,,,,,,
702192,,﻿Yun,﻿鄖,County,-770,-476,113.6246569,31.2783404,701929,Chu,楚,701927,Chun Qiu,春秋,,,,,,,,,
702193,,Zhou Lai,州來,County,-770,-476,116.5846325,32.77307801,701929,Chu,楚,701927,Chun Qiu,春秋,,,,,,,,,
702194,,﻿Ye,﻿葉,County,-770,-476,113.2555975,33.44794405,701929,Chu,楚,701927,Chun Qiu,春秋,,,,,,,,,
702195,,Dong Bu Geng,東不羹,County,-770,-476,113.6369341,33.62173884,701929,Chu,楚,701927,Chun Qiu,春秋,,,,,,,,,
702196,,Xi Bu Geng,西不羹,County,-770,-476,113.6561849,33.8560915,701929,Chu,楚,701927,Chun Qiu,春秋,,,,,,,,,
702197,,Shang Cai,上蔡,County,-770,-476,114.4313823,33.3157619,701929,Chu,楚,701927,Chun Qiu,春秋,,,,,,,,,
702198,,Xin Cai,新蔡,County,-770,-476,114.8080132,32.80263416,701929,Chu,楚,701927,Chun Qiu,春秋,,,,,,,,,
702199,,﻿Bai,﻿白,County,-770,-476,114.9655479,32.54417344,701929,Chu,楚,701927,Chun Qiu,春秋,,,,,,,,,
702200,,﻿Ju Chao,﻿居巢,County,-770,-476,116.3850077,32.1154678,701929,Chu,楚,701927,Chun Qiu,春秋,,,,,,,,,
702201,,﻿Zhong Li,﻿鍾離,County,-770,-476,117.6167251,32.84248527,701929,Chu,楚,701927,Chun Qiu,春秋,,,,,,,,,
702202,,﻿Yin,﻿陰,County,-770,-476,111.678819,32.57905262,701929,Chu,楚,701927,Chun Qiu,春秋,,,,,,,,,
702203,,﻿Tang,﻿棠,County,-770,-476,118.7146712,32.50284665,701929,Chu,楚,701927,Chun Qiu,春秋,,,,,,,,,
702204,,﻿Wu Cheng,﻿武城,County,-770,-476,115.3846284,32.3486038,701929,Chu,楚,701927,Chun Qiu,春秋,,,,,,,,,
702205,,﻿Lan,﻿藍,County,-770,-476,112.3671344,31.43243108,701929,Chu,楚,701927,Chun Qiu,春秋,,,,,,,,,
702206,,﻿Ku,﻿苦,County,-770,-476,115.4799353,33.90624719,701929,Chu,楚,701927,Chun Qiu,春秋,,,,,,,,,
702207,,﻿Xun,﻿荀,County,-770,-476,111.2023873,35.70779826,701930,Jin,晉,701927,Chun Qiu,春秋,,,,,,,,,
702208,,﻿Geng,﻿耿,County,-770,-476,110.7598338,35.58016543,701930,Jin,晉,701927,Chun Qiu,春秋,,,,,,,,,
702209,,Wei,魏,County,-770,-476,110.6696113,34.77434754,701930,Jin,晉,701927,Chun Qiu,春秋,,,,,,,,,
702210,,Zhou,州,County,-770,-476,113.1172097,35.00409328,701930,Jin,晉,701927,Chun Qiu,春秋,,,,,,,,,
702211,,﻿Yuan,﻿原,County,-770,-476,112.2481776,35.1707548,701930,Jin,晉,701927,Chun Qiu,春秋,,,,,,,,,
702212,,﻿Wen,﻿溫,County,-770,-476,112.9925727,34.89386303,701930,Jin,晉,701927,Chun Qiu,春秋,,,,,,,,,
702213,,﻿Yang Fan,﻿陽樊,County,-770,-476,112.2594347,35.03525758,701930,Jin,晉,701927,Chun Qiu,春秋,,,,,,,,,
702214,,﻿Cuan Mao,﻿欑茅,County,-770,-476,113.3287401,35.42285374,701930,Jin,晉,701927,Chun Qiu,春秋,,,,,,,,,
702215,,Chi,絺,County,-770,-476,112.8147921,35.08154069,701930,Jin,晉,701927,Chun Qiu,春秋,,,,,,,,,
702216,,Xing,陘,County,-770,-476,112.8213856,35.19065862,701930,Jin,晉,701927,Chun Qiu,春秋,,,,,,,,,
702217,,Chu,鉏,County,-770,-476,114.8042272,35.49067927,701930,Jin,晉,701927,Chun Qiu,春秋,,,,,,,,,
702218,,﻿Xian Mao Zhi,﻿先茅之,County,-770,-476,,,701930,Jin,晉,701927,Chun Qiu,春秋,,,,,,,,,
702219,,﻿Xia,﻿瑕,County,-770,-476,110.569059,34.5554368,701930,Jin,晉,701927,Chun Qiu,春秋,,,,,,,,,
702220,,﻿Yin Di,﻿陰地,County,-770,-476,111.0004394,33.97959177,701930,Jin,晉,701927,Chun Qiu,春秋,,,,,,,,,
702221,,﻿Gua Yan,﻿瓜衍,County,-770,-476,111.4733281,37.21365601,701930,Jin,晉,701927,Chun Qiu,春秋,,,,,,,,,
702222,,﻿Xing Qiu,﻿邢丘,County,-770,-476,113.1172097,35.00409328,701930,Jin,晉,701927,Chun Qiu,春秋,,,,,,,,,
702223,,Gu Xing Guo,古邢國,County,-770,-476,114.7808658,37.27875527,701930,Jin,晉,701927,Chun Qiu,春秋,,,,,,,,,
702224,,﻿Zhang Zi,﻿長子,County,-770,-476,112.7460127,36.09642053,701930,Jin,晉,701927,Chun Qiu,春秋,,,,,,,,,
702225,,Chun Liu,純留,County,-770,-476,112.8828712,36.26899589,701930,Jin,晉,701927,Chun Qiu,春秋,,,,,,,,,
702226,,﻿Jiang,﻿絳,County,-770,-476,111.8308384,35.64014104,701930,Jin,晉,701927,Chun Qiu,春秋,,,,,,,,,
702227,,Xin Jiang,新絳,County,-770,-476,111.3284618,35.59036828,701930,Jin,晉,701927,Chun Qiu,春秋,,,,,,,,,
702228,,﻿Ren,﻿任,County,-770,-476,114.8384068,37.13056302,701930,Jin,晉,701927,Chun Qiu,春秋,,,,,,,,,
702229,,﻿Zhong Mu,﻿中牟,County,-770,-476,114.1709968,35.74849349,701930,Jin,晉,701927,Chun Qiu,春秋,,,,,,,,,
702230,,﻿Yan,﻿閻,County,-770,-476,,,701930,Jin,晉,701927,Chun Qiu,春秋,,,,,,,,,
702231,,﻿Wu,﻿鄔,County,-770,-476,112.0743305,37.0744555,701930,Jin,晉,701927,Chun Qiu,春秋,,,,,,,,,
702232,,Qi,祁,County,-770,-476,112.5636647,37.1783442,701930,Jin,晉,701927,Chun Qiu,春秋,,,,,,,,,
702233,,Ping Ling,平陵,County,-770,-476,112.0208539,37.50128753,701930,Jin,晉,701927,Chun Qiu,春秋,,,,,,,,,
702234,,Geng Yang,梗陽,County,-770,-476,112.2844205,37.61975374,701930,Jin,晉,701927,Chun Qiu,春秋,,,,,,,,,
702235,,Tu Shui,塗水,County,-770,-476,112.7108073,37.58096202,701930,Jin,晉,701927,Chun Qiu,春秋,,,,,,,,,
702236,,Ma Shou,馬首,County,-770,-476,113.2333942,37.67317466,701930,Jin,晉,701927,Chun Qiu,春秋,,,,,,,,,
702237,,Yu,盂,County,-770,-476,112.9312083,38.27963293,701930,Jin,晉,701927,Chun Qiu,春秋,,,,,,,,,
702238,,﻿Tong Di,﻿銅鞮,County,-770,-476,112.6181324,36.57589974,701930,Jin,晉,701927,Chun Qiu,春秋,,,,,,,,,
702239,,Ping Yang,平陽,County,-770,-476,110.95969,35.86970025,701930,Jin,晉,701927,Chun Qiu,春秋,,,,,,,,,
702240,,Yang,楊,County,-770,-476,111.7667238,36.208605,701930,Jin,晉,701927,Chun Qiu,春秋,,,,,,,,,
702241,,Han Dan,邯鄲,County,-770,-476,114.4466873,36.54127187,701930,Jin,晉,701927,Chun Qiu,春秋,,,,,,,,,
702242,,﻿Yuan,﻿原,County,-770,-476,112.3434496,34.767613,701931,Zhou,周,701927,Chun Qiu,春秋,,,,,,,,,
702243,,﻿Gan,﻿甘,County,-770,-476,111.8850278,33.93656854,701931,Zhou,周,701927,Chun Qiu,春秋,,,,,,,,,
702244,,﻿Shang Gui,﻿上邽,County,-770,-476,105.5352233,34.61947238,701932,Qin,秦,701927,Chun Qiu,春秋,,,,,,,,,
702245,,Ji,冀,County,-770,-476,105.2921168,34.7986467,701932,Qin,秦,701927,Chun Qiu,春秋,,,,,,,,,
702246,,Du,杜,County,-770,-476,108.3765521,33.90806791,701932,Qin,秦,701927,Chun Qiu,春秋,,,,,,,,,
702247,,Zheng,鄭,County,-770,-476,109.7925331,34.41575741,701932,Qin,秦,701927,Chun Qiu,春秋,,,,,,,,,
702248,,Xia Gui,下邽,County,-770,-476,110.0011525,35.40063978,701932,Qin,秦,701927,Chun Qiu,春秋,,,,,,,,,
702249,,Guo,虢,County,-770,-476,106.9461337,34.33615837,701932,Qin,秦,701927,Chun Qiu,春秋,,,,,,,,,
702250,,Tang,棠,County,-770,-476,120.1095355,36.66638414,701933,Qi,齊,701927,Chun Qiu,春秋,,,,,,,,,
702251,,﻿Zhu Fang,﻿朱方,County,-770,-476,119.6224557,31.88931597,701934,Wu,吳,701927,Chun Qiu,春秋,,,,,,,,,
702252,,Bei Liang,卑梁,County,-770,-476,118.865575,32.82393432,701934,Wu,吳,701927,Chun Qiu,春秋,,,,,,,,,
702253,,﻿Pu,﻿蒲,County,-770,-476,,,701935,Wei,衛,701927,Chun Qiu,春秋,,,,,,,,,
702254,,Li,櫟,County,-770,-476,113.3514362,34.20804184,701936,Zheng,鄭,701927,Chun Qiu,春秋,,,,,,,,,
702255,,﻿Lin Zi,﻿臨淄,County,-475,-221,118.3349374,36.92475526,701937,Qi,齊,701928,Zhan Guo,戰國,,,,,,,,,
702256,,﻿Gao Tang,﻿高唐,County,-475,-221,116.3373237,36.84298649,701937,Qi,齊,701928,Zhan Guo,戰國,,,,,,,,,
702257,,﻿An Ping,﻿安平,County,-475,-221,118.2691055,36.85991483,701937,Qi,齊,701928,Zhan Guo,戰國,,,,,,,,,
702258,,Zhen,甄,County,-475,-221,115.5772614,35.67275928,701937,Qi,齊,701928,Zhan Guo,戰國,,,,,,,,,
702259,,﻿Ji Mo,﻿即墨,County,-475,-221,120.1095355,36.66638414,701937,Qi,齊,701928,Zhan Guo,戰國,,,,,,,,,
702260,,A,阿,County,-475,-221,115.895993,36.13660392,701937,Qi,齊,701928,Zhan Guo,戰國,,,,,,,,,
702261,,Nan Wu Cheng,南武城,County,-475,-221,117.6957121,35.43307694,701937,Qi,齊,701928,Zhan Guo,戰國,,,,,,,,,
702262,,﻿Xue,﻿薛,County,-475,-221,117.1885754,34.95723241,701937,Qi,齊,701928,Zhan Guo,戰國,,,,,,,,,
702263,,﻿Hu Shi,﻿狐氏,County,-475,-221,,,701937,Qi,齊,701928,Zhan Guo,戰國,,,,,,,,,
702264,,﻿Meng,﻿蒙,County,-475,-221,115.9412994,34.46248224,701937,Qi,齊,701928,Zhan Guo,戰國,,,,,,,,,
702265,,﻿Chang Cheng,﻿昌城,County,-475,-221,117.9702133,36.60049768,701937,Qi,齊,701928,Zhan Guo,戰國,,,,,,,,,
702266,,Liao Cheng,聊城,County,-475,-221,115.6793427,36.72552757,701937,Qi,齊,701928,Zhan Guo,戰國,,,,,,,,,
702267,,﻿Ju,﻿莒,County,-475,-221,,,701937,Qi,齊,701928,Zhan Guo,戰國,,,,,,,,,
702268,,﻿Ye,﻿夜,County,-475,-221,120.0911516,37.23767468,701937,Qi,齊,701928,Zhan Guo,戰國,,,,,,,,,
702269,,﻿Gai,﻿蓋,County,-475,-221,118.3422676,36.06807981,701937,Qi,齊,701928,Zhan Guo,戰國,,,,,,,,,
702270,,﻿Ping Lu,﻿平陸,County,-475,-221,116.5903619,35.83594936,701937,Qi,齊,701928,Zhan Guo,戰國,,,,,,,,,
702271,,﻿Ping Ling,﻿平陵,County,-475,-221,117.264195,36.60683837,701937,Qi,齊,701928,Zhan Guo,戰國,,,,,,,,,
702272,,﻿Yong,﻿甬,County,-475,-221,,,701937,Qi,齊,701928,Zhan Guo,戰國,,,,,,,,,
702273,,﻿An Yang,﻿安陽,County,-475,-221,115.974055,36.23617323,701937,Qi,齊,701928,Zhan Guo,戰國,,,,,,,,,
702274,,﻿Yang Du,﻿陽都,County,-475,-221,118.4998252,35.89694885,701937,Qi,齊,701928,Zhan Guo,戰國,,,,,,,,,
702275,,﻿Ping Yang,﻿平陽,County,-475,-221,110.95969,35.86970025,701938,Han,韓,701928,Zhan Guo,戰國,,,,,,,,,
702276,,﻿Yang Shi,﻿楊氏,County,-475,-221,111.7667238,36.208605,701938,Han,韓,701928,Zhan Guo,戰國,,,,,,,,,
702277,,﻿Tong Di,﻿銅鞮,County,-475,-221,112.6181324,36.57589974,701938,Han,韓,701928,Zhan Guo,戰國,,,,,,,,,
702278,,﻿Tun Liu,﻿屯留,County,-475,-221,112.7658768,36.27309001,701938,Han,韓,701928,Zhan Guo,戰國,,,,,,,,,
702279,,﻿Jing,﻿京,County,-475,-221,113.4271305,34.69588246,701938,Han,韓,701928,Zhan Guo,戰國,,,,,,,,,
702280,,﻿Xing Qiu,﻿邢丘,County,-475,-221,113.0498522,34.95060244,701938,Han,韓,701928,Zhan Guo,戰國,,,,,,,,,
702281,,﻿Lu Shi,﻿盧氏,County,-475,-221,111.0004394,33.97959177,701938,Han,韓,701928,Zhan Guo,戰國,,,,,,,,,
702282,,﻿Xin Cheng,﻿新城,County,-475,-221,112.2991159,34.31849099,701938,Han,韓,701928,Zhan Guo,戰國,,,,,,,,,
702283,,﻿Lu,﻿路,County,-475,-221,113.3155297,36.42392405,701938,Han,韓,701928,Zhan Guo,戰國,,,,,,,,,
702284,,She,涉,County,-475,-221,113.6304028,36.68555203,701938,Han,韓,701928,Zhan Guo,戰國,,,,,,,,,
702285,,Duan Shi,端氏,County,-475,-221,112.535059,35.79707011,701938,Han,韓,701928,Zhan Guo,戰國,,,,,,,,,
702286,,﻿Xiu Yu,﻿修魚,County,-475,-221,114.0926831,35.02988528,701938,Han,韓,701928,Zhan Guo,戰國,,,,,,,,,
702287,,﻿Yi Yang,﻿宜陽,County,-475,-221,111.9028737,34.49335104,701938,Han,韓,701928,Zhan Guo,戰國,,,,,,,,,
702288,,﻿Wu Sui,﻿武遂,County,-475,-221,,,701938,Han,韓,701928,Zhan Guo,戰國,,,,,,,,,
702289,,﻿Gao Luo,﻿皋落,County,-475,-221,111.955479,35.1707548,701938,Han,韓,701928,Zhan Guo,戰國,,,,,,,,,
702290,,﻿Xiu Wu,﻿修武,County,-475,-221,,,701938,Han,韓,701928,Zhan Guo,戰國,,,,,,,,,
702291,,Ru Yang,汝陽,County,-475,-221,114.5692544,33.53875972,701938,Han,韓,701928,Zhan Guo,戰國,,,,,,,,,
702292,,﻿Ye Wang,﻿野王,County,-475,-221,112.8566984,35.14110672,701938,Han,韓,701928,Zhan Guo,戰國,,,,,,,,,
702293,,﻿Gou Shi,﻿緱氏,County,-475,-221,,,701938,Han,韓,701928,Zhan Guo,戰國,,,,,,,,,
702294,,Lun Shi,綸氏,County,-475,-221,112.8910397,34.36013386,701938,Han,韓,701928,Zhan Guo,戰國,,,,,,,,,
702295,,Yang Di,陽翟,County,-475,-221,113.3514362,34.20804184,701938,Han,韓,701928,Zhan Guo,戰國,,,,,,,,,
702296,,﻿Yang Ren,﻿陽人,County,-475,-221,112.7056522,34.14223107,701938,Han,韓,701928,Zhan Guo,戰國,,,,,,,,,
702297,,﻿Shen Yin,﻿申陰,County,-475,-221,,,701938,Han,韓,701928,Zhan Guo,戰國,,,,,,,,,
702298,,﻿Ge Shi,﻿格氏,County,-475,-221,113.3446024,34.89010522,701938,Han,韓,701928,Zhan Guo,戰國,,,,,,,,,
702299,,﻿Yu,﻿盂,County,-475,-221,112.9312083,38.27963293,701939,Zhao,趙,701928,Zhan Guo,戰國,,,,,,,,,
702300,,Ping Ling,平陵,County,-475,-221,112.0208539,37.50128753,701939,Zhao,趙,701928,Zhan Guo,戰國,,,,,,,,,
702301,,Da Ling,大陵,County,-475,-221,112.0208539,37.50128753,701939,Zhao,趙,701928,Zhan Guo,戰國,,,,,,,,,
702302,,﻿Geng Yang,﻿梗陽,County,-475,-221,112.2844205,37.61975374,701939,Zhao,趙,701928,Zhan Guo,戰國,,,,,,,,,
702303,,﻿Wu,﻿鄔,County,-475,-221,112.0743305,37.0744555,701939,Zhao,趙,701928,Zhan Guo,戰國,,,,,,,,,
702304,,﻿Tu Shui,﻿塗水,County,-475,-221,112.7108073,37.58096202,701939,Zhao,趙,701928,Zhan Guo,戰國,,,,,,,,,
702305,,﻿Han Dan,﻿邯鄲,County,-475,-221,114.4466873,36.54127187,701939,Zhao,趙,701928,Zhan Guo,戰國,,,,,,,,,
702306,,﻿Qi,﻿祁,County,-475,-221,112.5636647,37.1783442,701939,Zhao,趙,701928,Zhan Guo,戰國,,,,,,,,,
702307,,﻿Zhong Mu,﻿中牟,County,-475,-221,114.1709968,35.74849349,701939,Zhao,趙,701928,Zhan Guo,戰國,,,,,,,,,
702308,,﻿Jin Yang,﻿晉陽,County,-475,-221,112.2332604,37.68957885,701939,Zhao,趙,701928,Zhan Guo,戰國,,,,,,,,,
702309,,﻿Xuan Shi,﻿泫氏,County,-475,-221,112.90838,35.82144934,701939,Zhao,趙,701928,Zhan Guo,戰國,,,,,,,,,
702310,,﻿Ping Yi,﻿平邑,County,-475,-221,113.9135546,39.89883589,701939,Zhao,趙,701928,Zhan Guo,戰國,,,,,,,,,
702311,,Ku Xing,苦陘,County,-475,-221,,,701939,Zhao,趙,701928,Zhan Guo,戰國,,,,,,,,,
702312,,﻿Fan Wu,﻿番吾,County,-475,-221,114.0348824,38.31597198,701939,Zhao,趙,701928,Zhan Guo,戰國,,,,,,,,,
702313,,﻿Zhang Zi,﻿長子,County,-475,-221,,,701939,Zhao,趙,701928,Zhan Guo,戰國,,,,,,,,,
702314,,﻿Gao Tang,﻿高唐,County,-475,-221,,,701939,Zhao,趙,701928,Zhan Guo,戰國,,,,,,,,,
702315,,﻿Zhen,﻿甄,County,-475,-221,,,701939,Zhao,趙,701928,Zhan Guo,戰國,,,,,,,,,
702316,,﻿Yu Ci,﻿榆次,County,-475,-221,112.8060699,37.63551164,701939,Zhao,趙,701928,Zhan Guo,戰國,,,,,,,,,
702317,,﻿Lin,﻿藺,County,-475,-221,111.164406,37.5862147,701939,Zhao,趙,701928,Zhan Guo,戰國,,,,,,,,,
702318,,﻿Li Shi,﻿離石,County,-475,-221,,,701939,Zhao,趙,701928,Zhan Guo,戰國,,,,,,,,,
702319,,﻿Hao,﻿鄗,County,-475,-221,114.7227511,37.59527287,701939,Zhao,趙,701928,Zhan Guo,戰國,,,,,,,,,
702320,,﻿An Ping,﻿安平,County,-475,-221,,,701939,Zhao,趙,701928,Zhan Guo,戰國,,,,,,,,,
702321,,﻿Dai Jun,﻿代郡,County,-475,-221,114.6104519,39.89222557,701939,Zhao,趙,701928,Zhan Guo,戰國,,,,,,,,,
702322,,Dai,代,County,-475,-221,114.6104519,39.89222557,701939,Zhao,趙,701928,Zhan Guo,戰國,,,,,,,,,
702323,,Shi Yi,石邑,County,-475,-221,114.4117498,37.9596794,701939,Zhao,趙,701928,Zhan Guo,戰國,,,,,,,,,
702324,,Shi Cheng,石城,County,-475,-221,114.4117498,37.9596794,701939,Zhao,趙,701928,Zhan Guo,戰國,,,,,,,,,
702325,,Yun Zhong,雲中,County,-475,-221,111.3997125,40.44601727,701939,Zhao,趙,701928,Zhan Guo,戰國,,,,,,,,,
702326,,﻿Shan Wu,﻿善無,County,-475,-221,112.418461,39.85267986,701939,Zhao,趙,701928,Zhan Guo,戰國,,,,,,,,,
702327,,﻿Fu Shi,﻿膚施,County,-475,-221,,,701939,Zhao,趙,701928,Zhan Guo,戰國,,,,,,,,,
702328,,﻿Nan Xing Tang,﻿南行唐,County,-475,-221,114.4932217,38.63932089,701939,Zhao,趙,701928,Zhan Guo,戰國,,,,,,,,,
702329,,﻿Zi Shi,﻿茲氏,County,-475,-221,111.7458049,37.24319501,701939,Zhao,趙,701928,Zhan Guo,戰國,,,,,,,,,
702330,,﻿Fang Ling,﻿防陵,County,-475,-221,113.9178242,35.77153853,701939,Zhao,趙,701928,Zhan Guo,戰國,,,,,,,,,
702331,,﻿Chang Cheng,﻿昌城,County,-475,-221,,,701939,Zhao,趙,701928,Zhan Guo,戰國,,,,,,,,,
702332,,﻿Tong Di,﻿銅鞮,County,-475,-221,,,701939,Zhao,趙,701928,Zhan Guo,戰國,,,,,,,,,
702333,,Tun Liu,屯留,County,-475,-221,,,701939,Zhao,趙,701928,Zhan Guo,戰國,,,,,,,,,
702334,,﻿Wu Yuan,﻿武垣,County,-475,-221,115.9656404,38.35780706,701939,Zhao,趙,701928,Zhan Guo,戰國,,,,,,,,,
702335,,﻿Yuan Shi,﻿元氏,County,-475,-221,114.3193192,37.86239524,701939,Zhao,趙,701928,Zhan Guo,戰國,,,,,,,,,
702336,,Shang Yuan,上原,County,-475,-221,,,701939,Zhao,趙,701928,Zhan Guo,戰國,,,,,,,,,
702337,,﻿Xing,﻿邢,County,-475,-221,114.7808658,37.27875527,701939,Zhao,趙,701928,Zhan Guo,戰國,,,,,,,,,
702338,,﻿Xin Cheng,﻿新城,County,-475,-221,112.7577333,39.36250886,701939,Zhao,趙,701928,Zhan Guo,戰國,,,,,,,,,
702339,,﻿Lang Meng,﻿狼孟,County,-475,-221,112.5914998,38.18674794,701939,Zhao,趙,701928,Zhan Guo,戰國,,,,,,,,,
702340,,﻿Han Gao,﻿韓皋,County,-475,-221,,,701939,Zhao,趙,701928,Zhan Guo,戰國,,,,,,,,,
702341,,﻿Ye,﻿鄴,County,-475,-221,,,701939,Zhao,趙,701928,Zhan Guo,戰國,,,,,,,,,
702342,,﻿Bai Ren,﻿柏人,County,-475,-221,114.6756905,37.38107331,701939,Zhao,趙,701928,Zhan Guo,戰國,,,,,,,,,
702343,,﻿Ju Yang,﻿沮陽,County,-475,-221,,,701939,Zhao,趙,701928,Zhan Guo,戰國,,,,,,,,,
702344,,﻿Ping Yuan,﻿平原,County,-475,-221,116.4030433,37.04535352,701939,Zhao,趙,701928,Zhan Guo,戰國,,,,,,,,,
702345,,﻿Fu Chang,﻿富昌,County,-475,-221,110.8667895,39.80211028,701939,Zhao,趙,701928,Zhan Guo,戰國,,,,,,,,,
702346,,﻿Wu Ping,﻿武平,County,-475,-221,116.5031977,38.97044643,701939,Zhao,趙,701928,Zhan Guo,戰國,,,,,,,,,
702347,,Lie,埒,County,-475,-221,,,701939,Zhao,趙,701928,Zhan Guo,戰國,,,,,,,,,
702348,,﻿Luan,﻿欒,County,-475,-221,114.8498657,37.77726868,701939,Zhao,趙,701928,Zhan Guo,戰國,,,,,,,,,
702349,,﻿Wen,﻿溫,County,-475,-221,112.9925727,34.89386303,701940,Wei,魏,701928,Zhan Guo,戰國,,,,,,,,,
702350,,﻿Shao Liang,﻿少梁,County,-475,-221,110.2859702,35.44602713,701940,Wei,魏,701928,Zhan Guo,戰國,,,,,,,,,
702351,,﻿Luo Yin,﻿雒陰,County,-475,-221,110.012103,34.82411116,701940,Wei,魏,701928,Zhan Guo,戰國,,,,,,,,,
702352,,He Yang,合陽,County,-475,-221,110.2580534,35.11978759,701940,Wei,魏,701928,Zhan Guo,戰國,,,,,,,,,
702353,,﻿Ye,﻿鄴,County,-475,-221,114.5426754,36.16729457,701940,Wei,魏,701928,Zhan Guo,戰國,,,,,,,,,
702354,,﻿Fan Pang,﻿繁龐,County,-475,-221,,,701940,Wei,魏,701928,Zhan Guo,戰國,,,,,,,,,
702355,,Ku Xing,苦陘,County,-475,-221,115.0283065,38.23850614,701940,Wei,魏,701928,Zhan Guo,戰國,,,,,,,,,
702356,,﻿Suan Zao,﻿酸棗,County,-475,-221,114.1292484,35.19329402,701940,Wei,魏,701928,Zhan Guo,戰國,,,,,,,,,
702357,,﻿Cheng Kuang,﻿承匡,County,-475,-221,115.0368986,34.39938747,701940,Wei,魏,701928,Zhan Guo,戰國,,,,,,,,,
702358,,﻿An Yi,﻿安邑,County,-475,-221,111.2068324,35.2260085,701940,Wei,魏,701928,Zhan Guo,戰國,,,,,,,,,
702359,,Wang Yuan,王垣,County,-475,-221,111.955479,35.1707548,701940,Wei,魏,701928,Zhan Guo,戰國,,,,,,,,,
702360,,﻿Lu Yang,﻿魯陽,County,-475,-221,,,701940,Wei,魏,701928,Zhan Guo,戰國,,,,,,,,,
702361,,﻿Wu Du,﻿武堵,County,-475,-221,,,701940,Wei,魏,701928,Zhan Guo,戰國,,,,,,,,,
702362,,﻿Zhong Mu,﻿中牟,County,-475,-221,,,701940,Wei,魏,701928,Zhan Guo,戰國,,,,,,,,,
702363,,﻿Da Liang,﻿大梁,County,-475,-221,114.5302999,34.60656434,701940,Wei,魏,701928,Zhan Guo,戰國,,,,,,,,,
702364,,﻿Jiang,﻿絳,County,-475,-221,111.3284618,35.59036828,701940,Wei,魏,701928,Zhan Guo,戰國,,,,,,,,,
702365,,﻿Han Dan,﻿邯鄲,County,-475,-221,,,701940,Wei,魏,701928,Zhan Guo,戰國,,,,,,,,,
702366,,﻿Xuan Shi,﻿泫氏,County,-475,-221,,,701940,Wei,魏,701928,Zhan Guo,戰國,,,,,,,,,
702367,,﻿Ji Yang,﻿濟陽,County,-475,-221,115.0919694,34.94527386,701940,Wei,魏,701928,Zhan Guo,戰國,,,,,,,,,
702368,,﻿Yin Yin,﻿㶏陰,County,-475,-221,114.3924548,33.69235373,701940,Wei,魏,701928,Zhan Guo,戰國,,,,,,,,,
702369,,﻿Dun Qiu,﻿頓丘,County,-475,-221,114.3762208,35.65154714,701940,Wei,魏,701928,Zhan Guo,戰國,,,,,,,,,
702370,,﻿Yin Jin,﻿陰晉,County,-475,-221,110.1176301,34.52954864,701940,Wei,魏,701928,Zhan Guo,戰國,,,,,,,,,
702371,,﻿Shang Cai,﻿上蔡,County,-475,-221,,,701940,Wei,魏,701928,Zhan Guo,戰國,,,,,,,,,
702372,,﻿Pu Zi,﻿蒲子,County,-475,-221,111.0361729,36.69879493,701940,Wei,魏,701928,Zhan Guo,戰國,,,,,,,,,
702373,,﻿Qi Yuan,﻿漆垣,County,-475,-221,108.988219,35.39063148,701940,Wei,魏,701928,Zhan Guo,戰國,,,,,,,,,
702374,,﻿Gao Nu,﻿高奴,County,-475,-221,109.8459625,36.95490962,701940,Wei,魏,701928,Zhan Guo,戰國,,,,,,,,,
702375,,﻿Pi Shi,﻿皮氏,County,-475,-221,110.6369622,35.60377636,701940,Wei,魏,701928,Zhan Guo,戰國,,,,,,,,,
702376,,﻿Pu Ban,﻿蒲阪,County,-475,-221,110.3827511,34.8507217,701940,Wei,魏,701928,Zhan Guo,戰國,,,,,,,,,
702377,,﻿Xiang Cheng,﻿襄城,County,-475,-221,,,701940,Wei,魏,701928,Zhan Guo,戰國,,,,,,,,,
702378,,Xiang Cheng,襄城,County,-475,-221,,,701940,Wei,魏,701928,Zhan Guo,戰國,,,,,,,,,
702379,,﻿Ping Qiu,﻿平丘,County,-475,-221,114.5735834,35.08449169,701940,Wei,魏,701928,Zhan Guo,戰國,,,,,,,,,
702380,,﻿Shou Yuan,﻿首垣,County,-475,-221,114.858402,35.3038742,701940,Wei,魏,701928,Zhan Guo,戰國,,,,,,,,,
702381,,﻿Ren,﻿仁,County,-475,-221,,,701940,Wei,魏,701928,Zhan Guo,戰國,,,,,,,,,
702382,,﻿Huai,﻿懷,County,-475,-221,,,701940,Wei,魏,701928,Zhan Guo,戰國,,,,,,,,,
702383,,﻿Han Xing Qiu,﻿韓邢丘,County,-475,-221,,,701940,Wei,魏,701928,Zhan Guo,戰國,,,,,,,,,
702384,,﻿Dan Fu,﻿單父,County,-475,-221,116.0959645,34.75478208,701940,Wei,魏,701928,Zhan Guo,戰國,,,,,,,,,
702385,,﻿Gao Du,﻿高都,County,-475,-221,112.7842552,35.63529742,701940,Wei,魏,701928,Zhan Guo,戰國,,,,,,,,,
702386,,﻿Tao,﻿陶,County,-475,-221,,,701940,Wei,魏,701928,Zhan Guo,戰國,,,,,,,,,
702387,,﻿Yan,﻿燕,County,-475,-221,114.3431497,35.40672041,701940,Wei,魏,701928,Zhan Guo,戰國,,,,,,,,,
702388,,Xu,虛,County,-475,-221,114.3154942,35.30501262,701940,Wei,魏,701928,Zhan Guo,戰國,,,,,,,,,
702389,,Zhang Ping,長平,County,-475,-221,114.5875266,33.88403926,701940,Wei,魏,701928,Zhan Guo,戰國,,,,,,,,,
702390,,Yong Qiu,雍丘,County,-475,-221,114.7763894,34.51153839,701940,Wei,魏,701928,Zhan Guo,戰國,,,,,,,,,
702391,,Shan Yang,山陽,County,-475,-221,113.3222713,35.30517402,701940,Wei,魏,701928,Zhan Guo,戰國,,,,,,,,,
702392,,﻿Xiu Wu,﻿修武,County,-475,-221,113.6313482,35.19593376,701940,Wei,魏,701928,Zhan Guo,戰國,,,,,,,,,
702393,,Ning,寧,County,-475,-221,113.6313482,35.19593376,701940,Wei,魏,701928,Zhan Guo,戰國,,,,,,,,,
702394,,﻿Gong,﻿共,County,-475,-221,113.7388577,35.57204064,701940,Wei,魏,701928,Zhan Guo,戰國,,,,,,,,,
702395,,﻿Zhai Yang,﻿宅陽,County,-475,-221,113.3996803,34.80274196,701940,Wei,魏,701928,Zhan Guo,戰國,,,,,,,,,
702396,,Wu,梧,County,-475,-221,114.1775141,34.01837219,701940,Wei,魏,701928,Zhan Guo,戰國,,,,,,,,,
702397,,﻿Si,﻿虒,County,-475,-221,,,701940,Wei,魏,701928,Zhan Guo,戰國,,,,,,,,,
702398,,﻿Su Qiong,﻿涑[⿰睘阝],County,-475,-221,112.4724574,37.66516722,701940,Wei,魏,701928,Zhan Guo,戰國,,,,,,,,,
702399,,Ju Yang,沮陽,County,-475,-221,115.7720079,40.23234943,701941,Yan,燕,701928,Zhan Guo,戰國,,,,,,,,,
702400,,Yu Yang,漁陽,County,-475,-221,116.8636397,40.35196484,701941,Yan,燕,701928,Zhan Guo,戰國,,,,,,,,,
702401,,Wu Zhong,無終,County,-475,-221,117.4926159,39.99844632,701941,Yan,燕,701928,Zhan Guo,戰國,,,,,,,,,
702402,,Yang Le,陽樂,County,-475,-221,121.141636,41.57433158,701941,Yan,燕,701928,Zhan Guo,戰國,,,,,,,,,
702403,,﻿Ling Zhi,﻿令支,County,-475,-221,118.5917977,40.03581773,701941,Yan,燕,701928,Zhan Guo,戰國,,,,,,,,,
702404,,﻿Xiang Ping,﻿襄平,County,-475,-221,123.3973862,41.16957912,701941,Yan,燕,701928,Zhan Guo,戰國,,,,,,,,,
702405,,Chang Cheng,昌城,County,-475,-221,,,701941,Yan,燕,701928,Zhan Guo,戰國,,,,,,,,,
702406,,Fang Cheng,方城,County,-475,-221,116.3002139,39.25092244,701941,Yan,燕,701928,Zhan Guo,戰國,,,,,,,,,
702407,,﻿Deng,﻿鄧,County,-475,-221,111.6016825,32.33359855,701942,Chu,楚,701928,Zhan Guo,戰國,,,,,,,,,
702408,,﻿Hu Yang,﻿湖陽,County,-475,-221,112.694605,32.4822122,701942,Chu,楚,701928,Zhan Guo,戰國,,,,,,,,,
702409,,﻿Jing Ling,﻿竟陵,County,-475,-221,112.6636349,30.47116424,701942,Chu,楚,701928,Zhan Guo,戰國,,,,,,,,,
702410,,﻿Ku,﻿苦,County,-475,-221,115.4799353,33.90624719,701942,Chu,楚,701928,Zhan Guo,戰國,,,,,,,,,
702411,,﻿Qi Si,﻿期思,County,-475,-221,115.3141229,32.46081562,701942,Chu,楚,701928,Zhan Guo,戰國,,,,,,,,,
702412,,Qin,寢,County,-475,-221,115.3282874,32.85900567,701942,Chu,楚,701928,Zhan Guo,戰國,,,,,,,,,
702413,,﻿Ruo,﻿鄀,County,-475,-221,112.5492972,31.59203907,701942,Chu,楚,701928,Zhan Guo,戰國,,,,,,,,,
702414,,Shen,申,County,-475,-221,112.1860567,33.06080863,701942,Chu,楚,701928,Zhan Guo,戰國,,,,,,,,,
702415,,Xi,析,County,-475,-221,111.3347734,33.46361694,701942,Chu,楚,701928,Zhan Guo,戰國,,,,,,,,,
702416,,﻿Ye,﻿葉,County,-475,-221,113.2555975,33.44794405,701942,Chu,楚,701928,Zhan Guo,戰國,,,,,,,,,
702417,,﻿Yin,﻿陰,County,-475,-221,111.678819,32.57905262,701942,Chu,楚,701928,Zhan Guo,戰國,,,,,,,,,
702418,,﻿Xi,﻿息,County,-475,-221,114.7813615,32.2805161,701942,Chu,楚,701928,Zhan Guo,戰國,,,,,,,,,
702419,,﻿Wu Cheng,﻿武城,County,-475,-221,115.3846284,32.3486038,701942,Chu,楚,701928,Zhan Guo,戰國,,,,,,,,,
702420,,﻿Shang Yong,﻿上庸,County,-475,-221,110.0201636,32.23409832,701942,Chu,楚,701928,Zhan Guo,戰國,,,,,,,,,
702421,,﻿Sui,﻿隨,County,-475,-221,113.4071454,31.89358299,701942,Chu,楚,701928,Zhan Guo,戰國,,,,,,,,,
702422,,Yan,鄢,County,-475,-221,112.408485,31.67562341,701942,Chu,楚,701928,Zhan Guo,戰國,,,,,,,,,
702423,,﻿Chen,﻿陳,County,-475,-221,114.8382561,33.67806923,701942,Chu,楚,701928,Zhan Guo,戰國,,,,,,,,,
702424,,Ying Chen,郢陳,County,-475,-221,114.8382561,33.67806923,701942,Chu,楚,701928,Zhan Guo,戰國,,,,,,,,,
702425,,﻿Ping Yu,﻿平輿,County,-475,-221,114.6141133,33.09058125,701942,Chu,楚,701928,Zhan Guo,戰國,,,,,,,,,
702426,,Ju,莒,County,-475,-221,118.9491421,35.70224187,701942,Chu,楚,701928,Zhan Guo,戰國,,,,,,,,,
702427,,﻿Lu Yang,﻿魯陽,County,-475,-221,112.6696866,33.77054235,701942,Chu,楚,701928,Zhan Guo,戰國,,,,,,,,,
702428,,﻿Lin Yuan,﻿臨沅,County,-475,-221,111.379723,29.26669634,701942,Chu,楚,701928,Zhan Guo,戰國,,,,,,,,,
702429,,﻿Guang Ling,﻿廣陵,County,-475,-221,119.4116138,33.09173206,701942,Chu,楚,701928,Zhan Guo,戰國,,,,,,,,,
702430,,﻿Ju Chao,﻿居巢,County,-475,-221,116.3850077,32.1154678,701942,Chu,楚,701928,Zhan Guo,戰國,,,,,,,,,
702431,,﻿Wu Guo,﻿吳國,County,-475,-221,120.7079315,31.40136284,701942,Chu,楚,701928,Zhan Guo,戰國,,,,,,,,,
702432,,﻿Shang Cai,﻿上蔡,County,-475,-221,114.4313823,33.3157619,701942,Chu,楚,701928,Zhan Guo,戰國,,,,,,,,,
702433,,﻿Zhong Li,﻿鍾離,County,-475,-221,117.6167251,32.84248527,701942,Chu,楚,701928,Zhan Guo,戰國,,,,,,,,,
702434,,﻿Zhu Fang,﻿朱方,County,-475,-221,119.4138469,32.04274324,701942,Chu,楚,701928,Zhan Guo,戰國,,,,,,,,,
702435,,﻿Xin Cheng,﻿新城,County,-475,-221,,,701942,Chu,楚,701928,Zhan Guo,戰國,,,,,,,,,
702436,,﻿Xiang Cheng,﻿襄城,County,-475,-221,113.5620135,33.8560915,701942,Chu,楚,701928,Zhan Guo,戰國,,,,,,,,,
702437,,﻿Han Ru Yang,﻿韓汝陽,County,-475,-221,,,701942,Chu,楚,701928,Zhan Guo,戰國,,,,,,,,,
702438,,Xue,薛,County,-475,-221,,,701942,Chu,楚,701928,Zhan Guo,戰國,,,,,,,,,
702439,,﻿Lan Ling,﻿蘭陵,County,-475,-221,117.9159467,34.76053581,701942,Chu,楚,701928,Zhan Guo,戰國,,,,,,,,,
702440,,Shou Chun,壽春,County,-475,-221,116.782813,32.28836862,701942,Chu,楚,701928,Zhan Guo,戰國,,,,,,,,,
702441,,﻿Shang Gui,﻿上邽,County,-475,-221,105.5352233,34.61947238,701943,Qin,秦,701928,Zhan Guo,戰國,,,,,,,,,
702442,,Ji,冀,County,-475,-221,105.3878604,34.80331479,701943,Qin,秦,701928,Zhan Guo,戰國,,,,,,,,,
702443,,Xia Gui,下邽,County,-475,-221,110.0011525,35.40063978,701943,Qin,秦,701928,Zhan Guo,戰國,,,,,,,,,
702444,,Du,杜,County,-475,-221,108.3765521,33.90806791,701943,Qin,秦,701928,Zhan Guo,戰國,,,,,,,,,
702445,,Zheng,鄭,County,-475,-221,109.7925331,34.41575741,701943,Qin,秦,701928,Zhan Guo,戰國,,,,,,,,,
702446,,﻿Guo,﻿虢,County,-475,-221,106.9461337,34.33615837,701943,Qin,秦,701928,Zhan Guo,戰國,,,,,,,,,
702447,,﻿Wei Cheng,﻿魏城,County,-475,-221,,,701943,Qin,秦,701928,Zhan Guo,戰國,,,,,,,,,
702448,,﻿Lin Jin,﻿臨晉,County,-475,-221,110.1390647,34.83108917,701943,Qin,秦,701928,Zhan Guo,戰國,,,,,,,,,
702449,,﻿Pang Xi Cheng,﻿龐戲城,County,-475,-221,,,701943,Qin,秦,701928,Zhan Guo,戰國,,,,,,,,,
702450,,﻿Pin Yang,﻿頻陽,County,-475,-221,109.3349499,35.00258895,701943,Qin,秦,701928,Zhan Guo,戰國,,,,,,,,,
702451,,﻿Yong,﻿雍,County,-475,-221,107.3134764,34.52765056,701943,Qin,秦,701928,Zhan Guo,戰國,,,,,,,,,
702452,,﻿Ji Gu,﻿籍姑,County,-475,-221,110.3706293,35.70511798,701943,Qin,秦,701928,Zhan Guo,戰國,,,,,,,,,
702453,,Pang,龐,County,-475,-221,110.4492872,35.42669175,701943,Qin,秦,701928,Zhan Guo,戰國,,,,,,,,,
702454,,﻿Zhong Quan,﻿重泉,County,-475,-221,109.5487844,34.86525386,701943,Qin,秦,701928,Zhan Guo,戰國,,,,,,,,,
702455,,﻿Li Yang,﻿櫟陽,County,-475,-221,109.349073,34.55444292,701943,Qin,秦,701928,Zhan Guo,戰國,,,,,,,,,
702456,,﻿Pu,﻿蒲,County,-475,-221,,,701943,Qin,秦,701928,Zhan Guo,戰國,,,,,,,,,
702457,,Lan Tian,藍田,County,-475,-221,109.2789264,34.08263122,701943,Qin,秦,701928,Zhan Guo,戰國,,,,,,,,,
702458,,Shan Ming Shi,善明氏,County,-475,-221,,,701943,Qin,秦,701928,Zhan Guo,戰國,,,,,,,,,
702459,,﻿Shao Liang,﻿少梁,County,-475,-221,,,701943,Qin,秦,701928,Zhan Guo,戰國,,,,,,,,,
702460,,﻿An Yi,﻿安邑,County,-475,-221,,,701943,Qin,秦,701928,Zhan Guo,戰國,,,,,,,,,
702461,,﻿Gao Ling,﻿高陵,County,-475,-221,109.0691175,34.51026881,701943,Qin,秦,701928,Zhan Guo,戰國,,,,,,,,,
702462,,﻿Li,﻿斄,County,-475,-221,108.1485893,34.27067956,701943,Qin,秦,701928,Zhan Guo,戰國,,,,,,,,,
702463,,Mei Yang,美陽,County,-475,-221,108.1026456,34.3712745,701943,Qin,秦,701928,Zhan Guo,戰國,,,,,,,,,
702464,,Wu Gong,武功,County,-475,-221,107.8992656,34.15615944,701943,Qin,秦,701928,Zhan Guo,戰國,,,,,,,,,
702465,,Xian Yang,咸陽,County,-475,-221,108.5568178,34.88506139,701943,Qin,秦,701928,Zhan Guo,戰國,,,,,,,,,
702466,,﻿Wu Cheng,﻿武城,County,-475,-221,109.8480406,34.49222527,701943,Qin,秦,701928,Zhan Guo,戰國,,,,,,,,,
702467,,﻿Shang,﻿商,County,-475,-221,110.3191048,33.81936466,701943,Qin,秦,701928,Zhan Guo,戰國,,,,,,,,,
702468,,﻿He Yang,﻿合陽,County,-475,-221,,,701943,Qin,秦,701928,Zhan Guo,戰國,,,,,,,,,
702469,,﻿Yin Jin,﻿陰晉,County,-475,-221,,,701943,Qin,秦,701928,Zhan Guo,戰國,,,,,,,,,
702470,,﻿Shan,﻿陝,County,-475,-221,111.2418664,34.53789905,701943,Qin,秦,701928,Zhan Guo,戰國,,,,,,,,,
702471,,﻿Lin,﻿藺,County,-475,-221,,,701943,Qin,秦,701928,Zhan Guo,戰國,,,,,,,,,
702472,,﻿Li Shi,﻿離石,County,-475,-221,,,701943,Qin,秦,701928,Zhan Guo,戰國,,,,,,,,,
702473,,Pu Zi,蒲子,County,-475,-221,,,701943,Qin,秦,701928,Zhan Guo,戰國,,,,,,,,,
702474,,﻿Qi Yuan,﻿漆垣,County,-475,-221,,,701943,Qin,秦,701928,Zhan Guo,戰國,,,,,,,,,
702475,,﻿Gao Nu,﻿高奴,County,-475,-221,,,701943,Qin,秦,701928,Zhan Guo,戰國,,,,,,,,,
702476,,﻿Yi Qu,﻿義渠,County,-475,-221,107.2510416,35.80698141,701943,Qin,秦,701928,Zhan Guo,戰國,,,,,,,,,
702477,,﻿Nan Zheng,﻿南鄭,County,-475,-221,107.0231311,33.01812404,701943,Qin,秦,701928,Zhan Guo,戰國,,,,,,,,,
702478,,﻿Han Lu Shi,﻿韓盧氏,County,-475,-221,,,701943,Qin,秦,701928,Zhan Guo,戰國,,,,,,,,,
702479,,﻿Qu Yan,﻿朐衍,County,-475,-221,106.9877874,37.63455425,701943,Qin,秦,701928,Zhan Guo,戰國,,,,,,,,,
702480,,﻿Jiang Zhou,﻿江州,County,-475,-221,106.6758348,29.60435456,701943,Qin,秦,701928,Zhan Guo,戰國,,,,,,,,,
702481,,﻿Yu Fu,﻿魚復,County,-475,-221,109.3842576,30.95324556,701943,Qin,秦,701928,Zhan Guo,戰國,,,,,,,,,
702482,,﻿Lang Zhong,﻿閬中,County,-475,-221,105.9734527,31.60576249,701943,Qin,秦,701928,Zhan Guo,戰國,,,,,,,,,
702483,,﻿Jian Shi,﻿湔氏,County,-475,-221,103.409008,32.88525757,701943,Qin,秦,701928,Zhan Guo,戰國,,,,,,,,,
702484,,Jian Di,湔氐,County,-475,-221,103.409008,32.88525757,701943,Qin,秦,701928,Zhan Guo,戰國,,,,,,,,,
702485,,﻿Shang Yong,﻿上庸,County,-475,-221,,,701943,Qin,秦,701928,Zhan Guo,戰國,,,,,,,,,
702486,,﻿Wu Shi,﻿烏氏,County,-475,-221,106.3343561,35.63195699,701943,Qin,秦,701928,Zhan Guo,戰國,,,,,,,,,
702487,,﻿Cheng Du,﻿成都,County,-475,-221,103.8998076,30.76683477,701943,Qin,秦,701928,Zhan Guo,戰國,,,,,,,,,
702488,,﻿Pi,﻿郫,County,-475,-221,103.8710982,30.8262988,701943,Qin,秦,701928,Zhan Guo,戰國,,,,,,,,,
702489,,﻿Lin Qiong,﻿臨邛,County,-475,-221,103.4307869,30.37688553,701943,Qin,秦,701928,Zhan Guo,戰國,,,,,,,,,
702490,,﻿Mei,﻿郿,County,-475,-221,107.8992656,34.17936921,701943,Qin,秦,701928,Zhan Guo,戰國,,,,,,,,,
702491,,﻿Yi Yang,﻿宜陽,County,-475,-221,,,701943,Qin,秦,701928,Zhan Guo,戰國,,,,,,,,,
702492,,﻿Wu Sui,﻿武遂,County,-475,-221,111.955479,35.1707548,701943,Qin,秦,701928,Zhan Guo,戰國,,,,,,,,,
702493,,﻿Pu Ban,﻿蒲阪,County,-475,-221,,,701943,Qin,秦,701928,Zhan Guo,戰國,,,,,,,,,
702494,,﻿Xin Cheng,﻿新城,County,-475,-221,,,701943,Qin,秦,701928,Zhan Guo,戰國,,,,,,,,,
702495,,﻿Xiang Cheng,﻿襄城,County,-475,-221,,,701943,Qin,秦,701928,Zhan Guo,戰國,,,,,,,,,
702496,,﻿Xi,﻿析,County,-475,-221,,,701943,Qin,秦,701928,Zhan Guo,戰國,,,,,,,,,
702497,,Guang Yan,廣衍,County,-475,-221,110.6131477,39.56291951,701943,Qin,秦,701928,Zhan Guo,戰國,,,,,,,,,
702498,,﻿Luo Du,﻿洛都,County,-475,-221,,,701943,Qin,秦,701928,Zhan Guo,戰國,,,,,,,,,
702499,,﻿Ding Yang,﻿定陽,County,-475,-221,109.9055716,36.02993289,701943,Qin,秦,701928,Zhan Guo,戰國,,,,,,,,,
702500,,﻿Fu Shi,﻿膚施,County,-475,-221,,,701943,Qin,秦,701928,Zhan Guo,戰國,,,,,,,,,
702501,,﻿Wan,﻿宛,County,-475,-221,,,701943,Qin,秦,701928,Zhan Guo,戰國,,,,,,,,,
702502,,﻿Ye,﻿葉,County,-475,-221,,,701943,Qin,秦,701928,Zhan Guo,戰國,,,,,,,,,
702503,,﻿Yuan,﻿垣,County,-475,-221,,,701943,Qin,秦,701928,Zhan Guo,戰國,,,,,,,,,
702504,,﻿Pi Shi,﻿皮氏,County,-475,-221,,,701943,Qin,秦,701928,Zhan Guo,戰國,,,,,,,,,
702505,,Gao Luo,皋落,County,-475,-221,,,701943,Qin,秦,701928,Zhan Guo,戰國,,,,,,,,,
702506,,﻿Geng Yang,﻿梗陽,County,-475,-221,112.74468,37.67847,701943,Qin,秦,701928,Zhan Guo,戰國,,,,,,,,,
702507,,Jiang,絳,County,-475,-221,,,701943,Qin,秦,701928,Zhan Guo,戰國,,,,,,,,,
702508,,﻿Zhao Zi Shi,﻿趙茲氏,County,-475,-221,,,701943,Qin,秦,701928,Zhan Guo,戰國,,,,,,,,,
702509,,﻿Shi Yi,﻿石邑,County,-475,-221,,,701943,Qin,秦,701928,Zhan Guo,戰國,,,,,,,,,
702510,,Qi,祁,County,-475,-221,,,701943,Qin,秦,701928,Zhan Guo,戰國,,,,,,,,,
702511,,﻿Lin Yuan,﻿臨沅,County,-475,-221,,,701943,Qin,秦,701928,Zhan Guo,戰國,,,,,,,,,
702512,,﻿Di Dao,﻿狄道,County,-475,-221,104.032895,35.52038836,701943,Qin,秦,701928,Zhan Guo,戰國,,,,,,,,,
702513,,﻿Deng,﻿鄧,County,-475,-221,,,701943,Qin,秦,701928,Zhan Guo,戰國,,,,,,,,,
702514,,﻿Yan,﻿鄢,County,-475,-221,,,701943,Qin,秦,701928,Zhan Guo,戰國,,,,,,,,,
702515,,﻿Rang,﻿穰,County,-475,-221,112.0920751,32.7021399,701943,Qin,秦,701928,Zhan Guo,戰國,,,,,,,,,
702516,,﻿Zhu Yang,﻿筑陽,County,-475,-221,111.605374,32.22693746,701943,Qin,秦,701928,Zhan Guo,戰國,,,,,,,,,
702517,,﻿Zhi,﻿枳,County,-475,-221,107.4715898,29.8033493,701943,Qin,秦,701928,Zhan Guo,戰國,,,,,,,,,
702518,,﻿Ying,﻿郢,County,-475,-221,112.4631685,30.09146227,701943,Qin,秦,701928,Zhan Guo,戰國,,,,,,,,,
702519,,﻿Jing Ling,﻿竟陵,County,-475,-221,,,701943,Qin,秦,701928,Zhan Guo,戰國,,,,,,,,,
702520,,Ren,仁,County,-475,-221,,,701943,Qin,秦,701928,Zhan Guo,戰國,,,,,,,,,
702521,,Ping Qiu,平丘,County,-475,-221,,,701943,Qin,秦,701928,Zhan Guo,戰國,,,,,,,,,
702522,,﻿Wu,﻿巫,County,-475,-221,109.9324616,31.33672783,701943,Qin,秦,701928,Zhan Guo,戰國,,,,,,,,,
702523,,﻿Wen,﻿溫,County,-475,-221,,,701943,Qin,秦,701928,Zhan Guo,戰國,,,,,,,,,
702524,,﻿Xiu Wu,﻿修武,County,-475,-221,,,701943,Qin,秦,701928,Zhan Guo,戰國,,,,,,,,,
702525,,﻿Cai Yang,﻿蔡陽,County,-475,-221,,,701943,Qin,秦,701928,Zhan Guo,戰國,,,,,,,,,
702526,,Zhang She,長社,County,-475,-221,,,701943,Qin,秦,701928,Zhan Guo,戰國,,,,,,,,,
702527,,﻿Hua Yang,﻿華陽,County,-475,-221,113.7532351,34.56718922,701943,Qin,秦,701928,Zhan Guo,戰國,,,,,,,,,
702528,,﻿Juan,﻿卷,County,-475,-221,113.8717464,35.11626934,701943,Qin,秦,701928,Zhan Guo,戰國,,,,,,,,,
702529,,﻿Huai,﻿懷,County,-475,-221,,,701943,Qin,秦,701928,Zhan Guo,戰國,,,,,,,,,
702530,,﻿Xing Qiu,﻿邢丘,County,-475,-221,,,701943,Qin,秦,701928,Zhan Guo,戰國,,,,,,,,,
702531,,﻿Tao,﻿陶,County,-475,-221,115.6292861,35.13148599,701943,Qin,秦,701928,Zhan Guo,戰國,,,,,,,,,
702532,,﻿He Nan,﻿河南,County,-475,-221,111.5952484,34.3406565,701943,Qin,秦,701928,Zhan Guo,戰國,,,,,,,,,
702533,,﻿Liang,﻿梁,County,-475,-221,112.6889181,34.03798574,701943,Qin,秦,701928,Zhan Guo,戰國,,,,,,,,,
702534,,﻿Ye Wang,﻿野王,County,-475,-221,,,701943,Qin,秦,701928,Zhan Guo,戰國,,,,,,,,,
702535,,﻿Gou Shi,﻿緱氏,County,-475,-221,112.8173355,34.55477811,701943,Qin,秦,701928,Zhan Guo,戰國,,,,,,,,,
702536,,Lun Shi,綸氏,County,-475,-221,112.74514,34.42054,701943,Qin,秦,701928,Zhan Guo,戰國,,,,,,,,,
702537,,﻿Zhang Zi,﻿長子,County,-475,-221,,,701943,Qin,秦,701928,Zhan Guo,戰國,,,,,,,,,
702538,,Tong Di,銅鞮,County,-475,-221,,,701943,Qin,秦,701928,Zhan Guo,戰國,,,,,,,,,
702539,,Tun Liu,屯留,County,-475,-221,,,701943,Qin,秦,701928,Zhan Guo,戰國,,,,,,,,,
702540,,﻿Ning Xin Zhong,﻿寧新中,County,-475,-221,114.7046018,35.54933366,701943,Qin,秦,701928,Zhan Guo,戰國,,,,,,,,,
702541,,An Yang,安陽,County,-475,-221,114.7046018,35.54933366,701943,Qin,秦,701928,Zhan Guo,戰國,,,,,,,,,
702542,,﻿Zheng,﻿鄭,County,-475,-221,113.7813813,34.48001583,701943,Qin,秦,701928,Zhan Guo,戰國,,,,,,,,,
702543,,﻿Qu Yang,﻿曲陽,County,-475,-221,116.896583,32.19715357,701943,Qin,秦,701928,Zhan Guo,戰國,,,,,,,,,
702544,,﻿Yang Ren,﻿陽人,County,-475,-221,,,701943,Qin,秦,701928,Zhan Guo,戰國,,,,,,,,,
702545,,﻿Gu Cheng,﻿穀城,County,-475,-221,112.0058777,34.67363961,701943,Qin,秦,701928,Zhan Guo,戰國,,,,,,,,,
702546,,Ping Yin,平陰,County,-475,-221,112.5014991,34.89141323,701943,Qin,秦,701928,Zhan Guo,戰國,,,,,,,,,
702547,,Yan Shi,偃師,County,-475,-221,112.7757083,34.63491048,701943,Qin,秦,701928,Zhan Guo,戰國,,,,,,,,,
702548,,Gong,鞏,County,-475,-221,112.9321134,34.61360763,701943,Qin,秦,701928,Zhan Guo,戰國,,,,,,,,,
702549,,﻿Luo Yang,﻿洛陽,County,-475,-221,112.38263,34.66528,701943,Qin,秦,701928,Zhan Guo,戰國,,,,,,,,,
702550,,﻿Gao Du,﻿高都,County,-475,-221,,,701943,Qin,秦,701928,Zhan Guo,戰國,,,,,,,,,
702551,,﻿Yu Ci,﻿榆次,County,-475,-221,,,701943,Qin,秦,701928,Zhan Guo,戰國,,,,,,,,,
702552,,Xin Cheng,新城,County,-475,-221,,,701943,Qin,秦,701928,Zhan Guo,戰國,,,,,,,,,
702553,,Lang Meng,狼孟,County,-475,-221,,,701943,Qin,秦,701928,Zhan Guo,戰國,,,,,,,,,
702554,,Tu Shui,塗水,County,-475,-221,,,701943,Qin,秦,701928,Zhan Guo,戰國,,,,,,,,,
702555,,﻿Zhao Zhi Wu,﻿趙之鄔,County,-475,-221,,,701943,Qin,秦,701928,Zhan Guo,戰國,,,,,,,,,
702556,,Yu,盂,County,-475,-221,,,701943,Qin,秦,701928,Zhan Guo,戰國,,,,,,,,,
702557,,Da Ling,大陵,County,-475,-221,,,701943,Qin,秦,701928,Zhan Guo,戰國,,,,,,,,,
702558,,﻿Jin Yang,﻿晉陽,County,-475,-221,,,701943,Qin,秦,701928,Zhan Guo,戰國,,,,,,,,,
702559,,﻿Wei Shi,﻿尉氏,County,-475,-221,114.1167357,34.40078405,701943,Qin,秦,701928,Zhan Guo,戰國,,,,,,,,,
702560,,﻿Yu Guo,﻿邘國,County,-475,-221,112.8213856,35.19065862,701943,Qin,秦,701928,Zhan Guo,戰國,,,,,,,,,
702561,,Yu,邘,County,-475,-221,,,701943,Qin,秦,701928,Zhan Guo,戰國,,,,,,,,,
702562,,﻿An Lu,﻿安陸,County,-475,-221,113.7698658,30.9879902,701943,Qin,秦,701928,Zhan Guo,戰國,,,,,,,,,
702563,,﻿Suan Zao,﻿酸棗,County,-475,-221,114.09719,35.16446,701943,Qin,秦,701928,Zhan Guo,戰國,,,,,,,,,
702564,,Yan,燕,County,-475,-221,114.35148,35.24676,701943,Qin,秦,701928,Zhan Guo,戰國,,,,,,,,,
702565,,Xu,虛,County,-475,-221,,,701943,Qin,秦,701928,Zhan Guo,戰國,,,,,,,,,
702566,,Zhang Ping,長平,County,-475,-221,114.13541,30.34289,701943,Qin,秦,701928,Zhan Guo,戰國,,,,,,,,,
702567,,Yong Qiu,雍丘,County,-475,-221,114.77448,34.55351,701943,Qin,秦,701928,Zhan Guo,戰國,,,,,,,,,
702568,,Shan Yang,山陽,County,-475,-221,113.30096,35.24854,701943,Qin,秦,701928,Zhan Guo,戰國,,,,,,,,,
702569,,Dun Qiu,頓丘,County,-475,-221,115.0365,35.86877,701943,Qin,秦,701928,Zhan Guo,戰國,,,,,,,,,
702570,,﻿Pu Yang,﻿濮陽,County,-475,-221,115.1009658,35.57629861,701943,Qin,秦,701928,Zhan Guo,戰國,,,,,,,,,
702571,,﻿Shou Yuan,﻿首垣,County,-475,-221,,,701943,Qin,秦,701928,Zhan Guo,戰國,,,,,,,,,
702572,,Zhang Yuan,長垣,County,-475,-221,,,701943,Qin,秦,701928,Zhan Guo,戰國,,,,,,,,,
702573,,﻿Ye,﻿鄴,County,-475,-221,,,701943,Qin,秦,701928,Zhan Guo,戰國,,,,,,,,,
702574,,﻿Yun Zhong,﻿雲中,County,-475,-221,,,701943,Qin,秦,701928,Zhan Guo,戰國,,,,,,,,,
702575,,Shan Wu,善無,County,-475,-221,,,701943,Qin,秦,701928,Zhan Guo,戰國,,,,,,,,,
702576,,﻿Yun Yang,﻿雲陽,County,-475,-221,108.4478082,34.91982365,701943,Qin,秦,701928,Zhan Guo,戰國,,,,,,,,,
702577,,﻿Fan Wu,﻿番吾,County,-475,-221,,,701943,Qin,秦,701928,Zhan Guo,戰國,,,,,,,,,
702578,,Li Yi,麗邑,County,-475,-221,109.349073,34.55444292,701943,Qin,秦,701928,Zhan Guo,戰國,,,,,,,,,
702579,,Yang Di,陽翟,County,-475,-221,113.3514362,34.20804184,701943,Qin,秦,701928,Zhan Guo,戰國,,,,,,,,,
702580,,﻿Jing,﻿京,County,-475,-221,,,701943,Qin,秦,701928,Zhan Guo,戰國,,,,,,,,,
702581,,Duan Shi,端氏,County,-475,-221,,,701943,Qin,秦,701928,Zhan Guo,戰國,,,,,,,,,
702582,,Lu,路,County,-475,-221,,,701943,Qin,秦,701928,Zhan Guo,戰國,,,,,,,,,
702583,,She,涉,County,-475,-221,,,701943,Qin,秦,701928,Zhan Guo,戰國,,,,,,,,,
702584,,Yang Shi,楊氏,County,-475,-221,,,701943,Qin,秦,701928,Zhan Guo,戰國,,,,,,,,,
702585,,Ping Yang,平陽,County,-475,-221,,,701943,Qin,秦,701928,Zhan Guo,戰國,,,,,,,,,
702586,,Xiu Yu,修魚,County,-475,-221,,,701943,Qin,秦,701928,Zhan Guo,戰國,,,,,,,,,
702587,,Shen Yin,申陰,County,-475,-221,,,701943,Qin,秦,701928,Zhan Guo,戰國,,,,,,,,,
702588,,Ge Shi,格氏,County,-475,-221,,,701943,Qin,秦,701928,Zhan Guo,戰國,,,,,,,,,
702589,,﻿Han Dan,﻿邯鄲,County,-475,-221,,,701943,Qin,秦,701928,Zhan Guo,戰國,,,,,,,,,
702590,,﻿Ku Xing,﻿苦陘,County,-475,-221,,,701943,Qin,秦,701928,Zhan Guo,戰國,,,,,,,,,
702591,,Shang Yuan,上原,County,-475,-221,,,701943,Qin,秦,701928,Zhan Guo,戰國,,,,,,,,,
702592,,Han Gao,韓皋,County,-475,-221,,,701943,Qin,秦,701928,Zhan Guo,戰國,,,,,,,,,
702593,,Wu Yuan,武垣,County,-475,-221,,,701943,Qin,秦,701928,Zhan Guo,戰國,,,,,,,,,
702594,,Yuan Shi,元氏,County,-475,-221,,,701943,Qin,秦,701928,Zhan Guo,戰國,,,,,,,,,
702595,,Bai Ren,柏人,County,-475,-221,,,701943,Qin,秦,701928,Zhan Guo,戰國,,,,,,,,,
702596,,Hao,鄗,County,-475,-221,,,701943,Qin,秦,701928,Zhan Guo,戰國,,,,,,,,,
702597,,An Ping,安平,County,-475,-221,,,701943,Qin,秦,701928,Zhan Guo,戰國,,,,,,,,,
702598,,Nan Xing Tang,南行唐,County,-475,-221,,,701943,Qin,秦,701928,Zhan Guo,戰國,,,,,,,,,
702599,,Fang Ling,防陵,County,-475,-221,,,701943,Qin,秦,701928,Zhan Guo,戰國,,,,,,,,,
702600,,Zhen,甄,County,-475,-221,,,701943,Qin,秦,701928,Zhan Guo,戰國,,,,,,,,,
702601,,Xing,邢,County,-475,-221,,,701943,Qin,秦,701928,Zhan Guo,戰國,,,,,,,,,
702602,,Ping Yuan,平原,County,-475,-221,,,701943,Qin,秦,701928,Zhan Guo,戰國,,,,,,,,,
702603,,Fu Chang,富昌,County,-475,-221,,,701943,Qin,秦,701928,Zhan Guo,戰國,,,,,,,,,
702604,,Wu Ping,武平,County,-475,-221,,,701943,Qin,秦,701928,Zhan Guo,戰國,,,,,,,,,
702605,,Lie,埒,County,-475,-221,,,701943,Qin,秦,701928,Zhan Guo,戰國,,,,,,,,,
702606,,Luan,欒,County,-475,-221,,,701943,Qin,秦,701928,Zhan Guo,戰國,,,,,,,,,
702607,,Ju Yang,沮陽,County,-475,-221,,,701943,Qin,秦,701928,Zhan Guo,戰國,,,,,,,,,
702608,,Yu Yang,漁陽,County,-475,-221,,,701943,Qin,秦,701928,Zhan Guo,戰國,,,,,,,,,
702609,,﻿Ling Zhi,﻿令支,County,-475,-221,,,701943,Qin,秦,701928,Zhan Guo,戰國,,,,,,,,,
702610,,﻿Wu Zhong,﻿無終,County,-475,-221,,,701943,Qin,秦,701928,Zhan Guo,戰國,,,,,,,,,
702611,,﻿Ji,﻿薊,County,-475,-221,115.9736806,39.83034513,701943,Qin,秦,701928,Zhan Guo,戰國,,,,,,,,,
702612,,﻿Yang Le,﻿陽樂,County,-475,-221,,,701943,Qin,秦,701928,Zhan Guo,戰國,,,,,,,,,
702613,,﻿Yan Chang Cheng,﻿燕昌城,County,-475,-221,,,701943,Qin,秦,701928,Zhan Guo,戰國,,,,,,,,,
702614,,Xiang Yi,襄邑,County,-475,-221,115.0368986,34.39938747,701943,Qin,秦,701928,Zhan Guo,戰國,,,,,,,,,
702615,,﻿Xuan Shi,﻿泫氏,County,-475,-221,,,701943,Qin,秦,701928,Zhan Guo,戰國,,,,,,,,,
702616,,Zhong Mu,中牟,County,-475,-221,,,701943,Qin,秦,701928,Zhan Guo,戰國,,,,,,,,,
702617,,Dan Fu,單父,County,-475,-221,,,701943,Qin,秦,701928,Zhan Guo,戰國,,,,,,,,,
702618,,Wu Du,武堵,County,-475,-221,,,701943,Qin,秦,701928,Zhan Guo,戰國,,,,,,,,,
702619,,Ji Yang,濟陽,County,-475,-221,,,701943,Qin,秦,701928,Zhan Guo,戰國,,,,,,,,,
702620,,Yin Yin,隱陰,County,-475,-221,,,701943,Qin,秦,701928,Zhan Guo,戰國,,,,,,,,,
702621,,Shang Cai,上蔡,County,-475,-221,,,701943,Qin,秦,701928,Zhan Guo,戰國,,,,,,,,,
702622,,Lu Yang,魯陽,County,-475,-221,,,701943,Qin,秦,701928,Zhan Guo,戰國,,,,,,,,,
702623,,Gong,共,County,-475,-221,,,701943,Qin,秦,701928,Zhan Guo,戰國,,,,,,,,,
702624,,Zhai Yang,宅陽,County,-475,-221,,,701943,Qin,秦,701928,Zhan Guo,戰國,,,,,,,,,
702625,,Wu,梧,County,-475,-221,,,701943,Qin,秦,701928,Zhan Guo,戰國,,,,,,,,,
702626,,Si,虒,County,-475,-221,,,701943,Qin,秦,701928,Zhan Guo,戰國,,,,,,,,,
702627,,Su,涑,County,-475,-221,,,701943,Qin,秦,701928,Zhan Guo,戰國,,,,,,,,,
702628,,﻿Dang,﻿碭,County,-475,-221,116.444168,34.3687061,701943,Qin,秦,701928,Zhan Guo,戰國,,,,,,,,,
702629,,Dang Jun,碭郡,County,-475,-221,,,701943,Qin,秦,701928,Zhan Guo,戰國,,,,,,,,,
702630,,﻿Sui Yang,﻿睢陽,County,-475,-221,116.3109579,34.01390855,701943,Qin,秦,701928,Zhan Guo,戰國,,,,,,,,,
702631,,﻿Da Liang,﻿大梁,County,-475,-221,,,701943,Qin,秦,701928,Zhan Guo,戰國,,,,,,,,,
702632,,Xin Qi,新郪,County,-475,-221,115.6152161,33.47240305,701943,Qin,秦,701928,Zhan Guo,戰國,,,,,,,,,
702633,,﻿Lu,﻿魯,County,-475,-221,116.9921883,35.6348611,701943,Qin,秦,701928,Zhan Guo,戰國,,,,,,,,,
702634,,﻿Xue,﻿薛,County,-475,-221,,,701943,Qin,秦,701928,Zhan Guo,戰國,,,,,,,,,
702635,,﻿Xi,﻿息,County,-475,-221,,,701943,Qin,秦,701928,Zhan Guo,戰國,,,,,,,,,
702636,,﻿Shou Chun,﻿壽春,County,-475,-221,,,701943,Qin,秦,701928,Zhan Guo,戰國,,,,,,,,,
702637,,﻿Chen,﻿陳,County,-475,-221,,,701943,Qin,秦,701928,Zhan Guo,戰國,,,,,,,,,
702638,,Ping Yu,平輿,County,-475,-221,,,701943,Qin,秦,701928,Zhan Guo,戰國,,,,,,,,,
702639,,﻿Pei,﻿沛,County,-475,-221,116.8921716,34.72589207,701943,Qin,秦,701928,Zhan Guo,戰國,,,,,,,,,
702640,,﻿Xiang,﻿相,County,-475,-221,116.5722091,33.81557706,701943,Qin,秦,701928,Zhan Guo,戰國,,,,,,,,,
702641,,﻿Xia Cai,﻿下蔡,County,-475,-221,,,701943,Qin,秦,701928,Zhan Guo,戰國,,,,,,,,,
702642,,Sui,隨,County,-475,-221,,,701943,Qin,秦,701928,Zhan Guo,戰國,,,,,,,,,
702643,,Hu Yang,湖陽,County,-475,-221,,,701943,Qin,秦,701928,Zhan Guo,戰國,,,,,,,,,
702644,,Ku,苦,County,-475,-221,,,701943,Qin,秦,701928,Zhan Guo,戰國,,,,,,,,,
702645,,Qi Si,期思,County,-475,-221,,,701943,Qin,秦,701928,Zhan Guo,戰國,,,,,,,,,
702646,,Ru Yang,汝陽,County,-475,-221,,,701943,Qin,秦,701928,Zhan Guo,戰國,,,,,,,,,
702647,,Ju Chao,居巢,County,-475,-221,,,701943,Qin,秦,701928,Zhan Guo,戰國,,,,,,,,,
702648,,Zhong Li,鍾離,County,-475,-221,,,701943,Qin,秦,701928,Zhan Guo,戰國,,,,,,,,,
702649,,Yin,陰,County,-475,-221,,,701943,Qin,秦,701928,Zhan Guo,戰國,,,,,,,,,
702650,,Jin,今,County,-475,-221,,,701943,Qin,秦,701928,Zhan Guo,戰國,,,,,,,,,
702651,,Shang,尚,County,-475,-221,,,701943,Qin,秦,701928,Zhan Guo,戰國,,,,,,,,,
702652,,Fan Qiu,繁丘,County,-475,-221,,,701943,Qin,秦,701928,Zhan Guo,戰國,,,,,,,,,
702653,,Xi,喜,County,-475,-221,,,701943,Qin,秦,701928,Zhan Guo,戰國,,,,,,,,,
702654,,Yang Ling,羕陵,County,-475,-221,,,701943,Qin,秦,701928,Zhan Guo,戰國,,,,,,,,,
702655,,Zheng Yang,正陽,County,-475,-221,,,701943,Qin,秦,701928,Zhan Guo,戰國,,,,,,,,,
702656,,Zhong Yang,中陽,County,-475,-221,,,701943,Qin,秦,701928,Zhan Guo,戰國,,,,,,,,,
702657,,Fan Yang,泛陽,County,-475,-221,,,701943,Qin,秦,701928,Zhan Guo,戰國,,,,,,,,,
702658,,Jie Yang,𣳟陽,County,-475,-221,,,701943,Qin,秦,701928,Zhan Guo,戰國,,,,,,,,,
702659,,Liao,鄝,County,-475,-221,,,701943,Qin,秦,701928,Zhan Guo,戰國,,,,,,,,,
702660,,Cuo Ling,䣜陵,County,-475,-221,,,701943,Qin,秦,701928,Zhan Guo,戰國,,,,,,,,,
702661,,Qin,寢,County,-475,-221,,,701943,Qin,秦,701928,Zhan Guo,戰國,,,,,,,,,
702662,,Ruo,鄀,County,-475,-221,,,701943,Qin,秦,701928,Zhan Guo,戰國,,,,,,,,,
702663,,﻿Ju,﻿莒,County,-475,-221,,,701943,Qin,秦,701928,Zhan Guo,戰國,,,,,,,,,
702664,,﻿Guang Ling,﻿廣陵,County,-475,-221,,,701943,Qin,秦,701928,Zhan Guo,戰國,,,,,,,,,
702665,,Lan Ling,蘭陵,County,-475,-221,,,701943,Qin,秦,701928,Zhan Guo,戰國,,,,,,,,,
702666,,Wu Cheng,武城,County,-475,-221,,,701943,Qin,秦,701928,Zhan Guo,戰國,,,,,,,,,
702667,,﻿Lin Xiang,﻿臨湘,County,-475,-221,113.2254662,28.25144749,701943,Qin,秦,701928,Zhan Guo,戰國,,,,,,,,,
702668,,﻿Luo,﻿羅,County,-475,-221,112.9968685,28.91161642,701943,Qin,秦,701928,Zhan Guo,戰國,,,,,,,,,
702669,,﻿Xiang Ping,﻿襄平,County,-475,-221,,,701943,Qin,秦,701928,Zhan Guo,戰國,,,,,,,,,
702670,,﻿Wu,﻿吳,County,-475,-221,120.7079315,31.40136284,701943,Qin,秦,701928,Zhan Guo,戰國,,,,,,,,,
702671,,Dan Tu,丹徒,County,-475,-221,119.44429,32.20649,701943,Qin,秦,701928,Zhan Guo,戰國,,,,,,,,,
702672,,﻿Dai,﻿代,County,-475,-221,,,701943,Qin,秦,701928,Zhan Guo,戰國,,,,,,,,,
702673,,﻿Ping Yi,﻿平邑,County,-475,-221,,,701943,Qin,秦,701928,Zhan Guo,戰國,,,,,,,,,
702674,,﻿Qian Ling,﻿遷陵,County,-475,-221,109.4645408,29.2056368,701943,Qin,秦,701928,Zhan Guo,戰國,,,,,,,,,
702675,,﻿You Yang,﻿酉陽,County,-475,-221,110.0281901,28.84270773,701943,Qin,秦,701928,Zhan Guo,戰國,,,,,,,,,
702676,,﻿Yi Yang,﻿益陽,County,-475,-221,112.4681614,28.8621536,701943,Qin,秦,701928,Zhan Guo,戰國,,,,,,,,,
702677,,﻿Ling Yang,﻿零陽,County,-475,-221,111.1063528,29.48076071,701943,Qin,秦,701928,Zhan Guo,戰國,,,,,,,,,
702678,,Can Ling,孱陵,County,-475,-221,112.1455373,29.41751064,701943,Qin,秦,701928,Zhan Guo,戰國,,,,,,,,,
702679,,Suo,索,County,-475,-221,112.0190876,28.87883755,701943,Qin,秦,701928,Zhan Guo,戰國,,,,,,,,,
