,Address,Match Type,Match Result,Match Level,Match Error,Province,City,County,Direction,geometry,X,Y
0,湖北省荆门县东南,Single,[{'city': 4208}],City,[],['湖北'],['荆门'],['东宝'],东南,POINT (112.91904233374284 30.873577420683503),112.9190423,30.87357742
1,权县的东南,Single,[],0,['No Match'],[],[],[],东南,,,
2,河南省唐河县西南,Single,[{'county': 411328}],County,[],['河南'],['南阳'],['唐河'],西南,POINT (112.6930589243854 32.480310935376686),112.6930589,32.48031094
3,河南省邓州市,Single,[{'county': 411381}],County,[],['河南'],['南阳'],['邓州'],,POINT (112.09151462879211 32.70042143298328),112.0915146,32.70042143
4,湖北省襄樊市西北,Single,[{'province': 42}],Province,[],['湖北'],['武汉'],['江岸'],西北,POINT (110.94024844251913 32.16669177126137),110.9402484,32.16669177
5,河南省南阳县,Single,[{'city': 4113}],City,[],['河南'],['南阳'],['宛城'],,POINT (112.17181874534914 33.04812010799885),112.1718187,33.04812011
6,今河南省南阳市西,Single,[{'city': 4113}],City,[],['河南'],['南阳'],['宛城'],西,POINT (111.73633134517486 33.08097370664178),111.7363313,33.08097371
7,河南省息县西南,Single,[{'province': 41}],Province,[],['河南'],['郑州'],['中原'],西南,POINT (112.38335199586187 33.07547364435473),112.383352,33.07547364
8,今湖北省均县附近,Single,[{'province': 42}],Province,[],['湖北'],['武汉'],['江岸'],,POINT (113.07130359361382 31.151385171454628),113.0713036,31.15138517
9,河南省淮滨县东南期思乡,Single,[{'county': 411527}],County,[],['河南'],['信阳'],['淮滨'],,POINT (115.32510049543883 32.445541582065275),115.3251005,32.44554158
10,河南省西峡县,Single,[{'county': 411323}],County,[],['河南'],['南阳'],['西峡'],,POINT (111.33467951835274 33.464826080571065),111.3346795,33.46482608
11,今湖北省襄樊市西南,Single,[{'province': 42}],Province,[],['湖北'],['武汉'],['江岸'],西南,POINT (109.52278362525777 30.07789907618067),109.5227836,30.07789908
12,河南省淅川县西南,Single,[{'county': 411326}],County,[],['河南'],['南阳'],['淅川'],西南,POINT (111.3489013150585 32.89567168150276),111.3489013,32.89567168
13,湖北省竹山县西南,Single,[{'county': 420323}],County,[],['湖北'],['十堰'],['竹山'],西南,POINT (110.02967793848985 31.835038804173376),110.0296779,31.8350388
14,河省淮阳县,Single,[{'county': 411603}],County,[],['河南'],['周口'],['淮阳'],,POINT (114.83427319314947 33.6808532217299),114.8342732,33.68085322
15,今安徽省临泉县,Single,[{'county': 341221}],County,[],['安徽'],['阜阳'],['临泉'],,POINT (115.32646769440711 32.85919356801763),115.3264677,32.85919357
16,河南省襄城县-河南省宝丰县东,Multiple,"[{'county': 411025}, {'county': 410421}]",County,['Multiple Matches'],['河南'],"['平顶山', '许昌']","['襄城', '宝丰']",,,,
17,今湖北省安陆县,Single,[{'county': 420982}],County,[],['湖北'],['孝感'],['安陆'],,POINT (113.61956255817756 31.278217693277156),113.6195626,31.27821769
18,今安徽省凤台县,Single,[{'county': 340421}],County,[],['安徽'],['淮南'],['凤台'],,POINT (116.58366822479394 32.778453487255135),116.5836682,32.77845349
19,河南省叶县南,Single,[{'province': 41}],Province,[],['河南'],['郑州'],['中原'],南,POINT (113.34345581508488 32.6592671778409),113.3434558,32.65926718
20,河南省舞阳县西北,Single,[{'county': 411121}],County,[],['河南'],['漯河'],['舞阳'],西北,POINT (113.63799840476436 33.62084811001212),113.6379984,33.62084811
21,河南省襄城县东,Single,[{'county': 411025}],County,[],['河南'],['许昌'],['襄城'],东,POINT (113.65608161193809 33.85863552128918),113.6560816,33.85863552
22,今河南省上蔡县城关一带,Single,[{'county': 411722}],County,[],['河南'],['驻马店'],['上蔡'],,POINT (114.43567889279541 33.303063368792536),114.4356789,33.30306337
23,今河南省新蔡县西,Single,[{'county': 411729}],County,[],['河南'],['驻马店'],['新蔡'],西,POINT (114.81566130467922 32.832301356661006),114.8156613,32.83230136
24,河南省息县东北,Single,[{'province': 41}],Province,[],['河南'],['郑州'],['中原'],东北,POINT (114.2408925853659 35.1259759898753),114.2408926,35.12597599
25,今六安县东北,Single,[{'city': 3415}],City,[],['安徽'],['六安'],['金安'],东北,POINT (116.39834601932587 32.121570977949645),116.398346,32.12157098
26,安徽省凤阳县东北临淮关,Single,[{'county': 341126}],County,[],['安徽'],['滁州'],['凤阳'],,POINT (117.6495453769205 32.83467915504201),117.6495454,32.83467916
27,湖北省老河口北,Single,[{'county': 420682}],County,[],['湖北'],['襄阳'],['老河口'],北,POINT (111.67915287960474 32.57991280275441),111.6791529,32.5799128
28,江苏省六合县西北,Single,[{'county': 320116}],County,[],['江苏'],['南京'],['六合'],西北,POINT (118.71752407656504 32.498889905780764),118.7175241,32.49888991
29,河南省信阳市东北,Single,[{'city': 4115}],City,[],['河南'],['信阳'],['浉河'],东北,POINT (115.39159126051227 32.36658840647766),115.3915913,32.36658841
30,湖北省钟祥县西北,Single,[{'county': 420881}],County,[],['湖北'],['荆门'],['钟祥'],西北,POINT (112.37189480732293 31.431744100521637),112.3718948,31.4317441
31,河南省鹿邑县东,Single,[{'county': 411628}],County,[],['河南'],['周口'],['鹿邑'],东,POINT (115.48040847576172 33.91043560581133),115.4804085,33.91043561
32,山西省新绛县东北,Single,[{'county': 140825}],County,[],['山西'],['运城'],['新绛'],东北,POINT (111.20247282747283 35.707862053057),111.2024728,35.70786205
33,山西省河津县东南,Single,[{'county': 140882}],County,[],['山西'],['运城'],['河津'],东南,POINT (110.7599363290082 35.58005417864533),110.7599363,35.58005418
34,山西省芮城县北,Single,[{'county': 140830}],County,[],['山西'],['运城'],['芮城'],北,POINT (110.66919711236908 34.77537845002612),110.6691971,34.77537845
35,河南省温县东北,Single,[{'province': 41}],Province,[],['河南'],['郑州'],['中原'],东北,POINT (114.2408925853659 35.1259759898753),114.2408926,35.12597599
36,河南省济源市西北,Single,[{'county': 419001}],County,[],['河南'],['直辖级行政单位'],['济源'],西北,POINT (112.24865016245404 35.16917817701757),112.2486502,35.16917818
37,河南省温县西南,Single,[{'province': 41}],Province,[],['河南'],['郑州'],['中原'],西南,POINT (112.38335199586187 33.07547364435473),112.383352,33.07547364
38,河南省济源市西南,Single,[{'county': 419001}],County,[],['河南'],['直辖级行政单位'],['济源'],西南,POINT (112.25871332697655 35.0338132617584),112.2587133,35.03381326
39,今河南省修武县北,Single,[{'county': 410821}],County,[],['河南'],['焦作'],['修武'],北,POINT (113.3294711579739 35.424176774497866),113.3294712,35.42417677
40,今河南省沁阳市西南,Single,[{'county': 410882}],County,[],['河南'],['焦作'],['沁阳'],西南,POINT (112.81423673236438 35.0805427573925),112.8142367,35.08054276
41,今河南省沁阳市西北,Single,[{'county': 410882}],County,[],['河南'],['焦作'],['沁阳'],西北,POINT (112.82207243327667 35.1899388821775),112.8220724,35.18993888
42,今河南省滑县东,Single,[{'province': 41}],Province,[],['河南'],['郑州'],['中原'],东,POINT (114.61564810249254 33.87105993080234),114.6156481,33.87105993
43,河南省灵宝市西北,Single,[{'county': 411282}],County,[],['河南'],['三门峡'],['灵宝'],西北,POINT (110.56884012103086 34.556329794168036),110.5688401,34.55632979
44,今河南省卢氏县东北之阴地城,Single,[{'county': 411224}],County,[],['河南'],['三门峡'],['卢氏'],,POINT (111.0004383954327 33.98005790891679),111.0004384,33.98005791
45,山西省孝义市北,Single,[{'county': 141181}],County,[],['山西'],['吕梁'],['孝义'],北,POINT (111.47384774708357 37.21328035235951),111.4738477,37.21328035
46,河南省温县东北,Single,[{'province': 41}],Province,[],['河南'],['郑州'],['中原'],东北,POINT (114.2408925853659 35.1259759898753),114.2408926,35.12597599
47,河北省邢台市,Single,[{'city': 1305}],City,[],['河北'],['邢台'],['襄都'],,POINT (114.82253987107651 37.274786795832874),114.8225399,37.2747868
48,山西省长子县,Single,[{'county': 140428}],County,[],['山西'],['长治'],['长子'],,POINT (112.74548932043358 36.09314690176834),112.7454893,36.0931469
49,山西省屯留县东南,Single,[{'county': 140405}],County,[],['山西'],['长治'],['屯留'],东南,POINT (112.88257085707775 36.28942280041733),112.8825709,36.2894228
50,山西省翼城县东南 ,Single,[{'county': 141022}],County,[],['山西'],['临汾'],['翼城'],,POINT (111.8306056511746 35.639423175809625),111.8306057,35.63942318
51,山西省侯马市西,Single,[{'county': 141081}],County,[],['山西'],['临汾'],['侯马'],西,POINT (111.32840256273724 35.590361031085344),111.3284026,35.59036103
52,河北省任县东南,Single,[{'province': 13}],Province,[],['河北'],['石家庄'],['长安'],东南,POINT (116.90211093871565 38.376611222714985),116.9021109,38.37661122
53,河南省鹤壁市西,Single,[{'city': 4106}],City,[],['河南'],['鹤壁'],['鹤山'],西,POINT (114.1725383820197 35.747500848241565),114.1725384,35.74750085
54,今山西省介休市东北,Single,[{'county': 140781}],County,[],['山西'],['晋中'],['介休'],东北,POINT (112.07477141384096 37.07439019662411),112.0747714,37.0743902
55,今山西省祁县东南,Single,[{'province': 14}],Province,[],['山西'],['太原'],['小店'],东南,POINT (112.64187264646688 36.390949605828496),112.6418726,36.39094961
56,今山西省文水县东北,Single,[{'county': 141121}],County,[],['山西'],['吕梁'],['文水'],东北,POINT (112.02127509577322 37.50193460664111),112.0212751,37.50193461
57,今山西省清徐县,Single,[{'county': 140121}],County,[],['山西'],['太原'],['清徐'],,POINT (112.2845892641352 37.61884260531369),112.2845893,37.61884261
58,今山西省榆次市西南,Single,[{'county': 140702}],County,[],['山西'],['晋中'],['榆次'],西南,POINT (112.71009031377348 37.580502346661085),112.7100903,37.58050235
59,今山西省寿阳县东南,Single,[{'county': 140725}],County,[],['山西'],['晋中'],['寿阳'],东南,POINT (113.23133055966106 37.67516179636428),113.2313306,37.6751618
60,今山西省阳曲县东北,Single,[{'county': 140122}],County,[],['山西'],['太原'],['阳曲'],东北,POINT (112.93071204824423 38.2796541976855),112.930712,38.2796542
61,今山西省沁县南,Single,[{'province': 14}],Province,[],['山西'],['太原'],['小店'],南,POINT (112.09945586242732 36.112284626374795),112.0994559,36.11228463
62,山西省临汾市西南,Single,[{'city': 1410}],City,[],['山西'],['临汾'],['尧都'],西南,POINT (110.95940596277902 35.870585002971154),110.959406,35.870585
63,山西省洪洞县东南,Single,[{'county': 141024}],County,[],['山西'],['临汾'],['洪洞'],东南,POINT (111.76632294684723 36.20937614108381),111.7663229,36.20937614
64,今河北省邯郸市,Single,[{'city': 1304}],City,[],['河北'],['邯郸'],['邯山'],,POINT (114.4378076382752 36.52042550360742),114.4378076,36.5204255
65,河南省济原市西北,Single,[{'province': 41}],Province,[],['河南'],['郑州'],['中原'],西北,POINT (112.62221753366683 34.89199036175254),112.6222175,34.89199036
66,河南省洛阳市南,Single,[{'city': 4103}],City,[],['河南'],['洛阳'],['老城'],南,POINT (111.89765241251301 33.93810524805977),111.8976524,33.93810525
67,甘肃省天水市,Single,[{'city': 6205}],City,[],['甘肃'],['天水'],['秦州'],,POINT (105.56274238051873 34.60741068424415),105.5627424,34.60741068
68,甘肃省甘谷县,Single,[{'county': 620523}],County,[],['甘肃'],['天水'],['甘谷'],,POINT (105.28859833910805 34.78318052698069),105.2885983,34.78318053
69,陕西省西安市南,Single,[{'city': 6101}],City,[],['陕西'],['西安'],['新城'],南,POINT (108.65098194791896 33.91365067571057),108.6509819,33.91365068
70,陕西省华县,Single,[{'province': 61}],Province,[],['陕西'],['西安'],['新城'],,POINT (109.56737398447608 35.637090531250415),109.567374,35.63709053
71,今陕西省渭南市北,Single,[{'city': 6105}],City,[],['陕西'],['渭南'],['临渭'],北,POINT (110.00285855788006 35.40464219324823),110.0028586,35.40464219
72,今陕西省宝鸡县西,Single,[{'city': 6103}],City,[],['陕西'],['宝鸡'],['渭滨'],西,POINT (106.94687429694063 34.34824100419983),106.9468743,34.348241
73,山东省平度市东南,Single,[{'county': 370283}],County,[],['山东'],['青岛'],['平度'],东南,POINT (120.07941971168003 36.63274007390064),120.0794197,36.63274007
74,江苏省镇江市东南,Single,[{'city': 3211}],City,[],['江苏'],['镇江'],['京口'],东南,POINT (119.63161464661293 31.87821961962365),119.6316146,31.87821962
75,安徽省天长市西北,Single,[{'county': 341181}],County,[],['安徽'],['滁州'],['天长'],西北,POINT (118.900476981971 32.86288275409928),118.900477,32.86288275
76,今河南省禹州市,Single,[{'county': 411081}],County,[],['河南'],['许昌'],['禹州'],,POINT (113.35347176959424 34.20811326763051),113.3534718,34.20811327
77,山东省淄博市临淄北,Single,[{'county': 370305}],County,[],['山东'],['淄博'],['临淄'],北,POINT (118.34108450023777 36.94218593262121),118.3410845,36.94218593
78,山东省高唐县东,Single,[{'county': 371526}],County,[],['山东'],['聊城'],['高唐'],东,POINT (116.33754447257712 36.8466299503412),116.3375445,36.84662995
79,山东省淄博市东北,Single,[{'city': 3703}],City,[],['山东'],['淄博'],['淄川'],东北,POINT (118.26825979565075 36.84534044816272),118.2682598,36.84534045
80,山东省甄城县北,Single,[{'province': 37}],Province,[],['山东'],['济南'],['历下'],北,POINT (117.6629541208103 37.30357282776841),117.6629541,37.30357283
81,山东省平度市东南,Single,[{'county': 370283}],County,[],['山东'],['青岛'],['平度'],东南,POINT (120.07941971168003 36.63274007390064),120.0794197,36.63274007
82,山东省阳谷县东北阿城镇,Single,[{'county': 371521}],County,[],['山东'],['聊城'],['阳谷'],,POINT (115.89178613584865 36.133166695453625),115.8917861,36.1331667
83,今山东省平邑县东南故县,Single,[{'county': 371326}],County,[],['山东'],['临沂'],['平邑'],,POINT (117.68297262988364 35.44084021918496),117.6829726,35.44084022
84,山东省滕州市南,Single,[{'county': 370481}],County,[],['山东'],['枣庄'],['滕州'],南,POINT (117.17205515742648 34.95714440098712),117.1720552,34.9571444
85,河南省商丘市东北,Single,[{'city': 4114}],City,[],['河南'],['商丘'],['梁园'],东北,POINT (115.95829282515403 34.421396421455995),115.9582928,34.42139642
86,山东省淄博市东南昌城,Single,[{'city': 3703}],City,[],['山东'],['淄博'],['淄川'],,POINT (117.96631730640821 36.61950115673082),117.9663173,36.61950116
87,今山东省聊城市西北,Single,[{'city': 3715}],City,[],['山东'],['聊城'],['东昌府'],西北,POINT (115.68673769671018 36.7172137829766),115.6867377,36.71721378
88,山东省莱州市,Single,[{'county': 370683}],County,[],['山东'],['烟台'],['莱州'],,POINT (120.09701381208772 37.238441347532564),120.0970138,37.23844135
89,山东省沂源县东南,Single,[{'county': 370323}],County,[],['山东'],['淄博'],['沂源'],东南,POINT (118.33226210224501 36.06688060334014),118.3322621,36.0668806
90,山东省汶上县北,Single,[{'county': 370830}],County,[],['山东'],['济宁'],['汶上'],北,POINT (116.59295916413201 35.83149372436495),116.5929592,35.83149372
91,山东省济南市历城区,Single,[{'county': 370112}],County,[],['山东'],['济南'],['历城'],,POINT (117.26284260196135 36.60358954347619),117.2628426,36.60358954
92,山东阳谷东北,Single,[{'county': 371521}],County,[],['山东'],['聊城'],['阳谷'],东北,POINT (115.97938892166233 36.21495568836853),115.9793889,36.21495569
93,山东省沂水县,Single,[{'county': 371323}],County,[],['山东'],['临沂'],['沂水'],,POINT (118.50274072351553 35.906359354284675),118.5027407,35.90635935
94,山西省临汾市西南,Single,[{'city': 1410}],City,[],['山西'],['临汾'],['尧都'],西南,POINT (110.95940596277902 35.870585002971154),110.959406,35.870585
95,今山西省洪洞县东南,Single,[{'county': 141024}],County,[],['山西'],['临汾'],['洪洞'],东南,POINT (111.76632294684723 36.20937614108381),111.7663229,36.20937614
96,山西省沁县南,Single,[{'province': 14}],Province,[],['山西'],['太原'],['小店'],南,POINT (112.09945586242732 36.112284626374795),112.0994559,36.11228463
97,山西省屯留县南,Single,[{'county': 140405}],County,[],['山西'],['长治'],['屯留'],南,POINT (112.76341635271271 36.273786173312786),112.7634164,36.27378617
98,河南省荥阳市东南,Single,[{'county': 410182}],County,[],['河南'],['郑州'],['荥阳'],东南,POINT (113.42570874873445 34.69745552403848),113.4257087,34.69745552
99,河南省温县东平皋故城,Single,"[{'county': 131126}, {'county': 370923}, {'province': 41}]",Province,['Multiple Matches'],"['河南', '河北', '山东']","['泰安', '衡水', '郑州']","['中原', '故城', '东平']",,,,
100,河南省卢氏县,Single,[{'county': 411224}],County,[],['河南'],['三门峡'],['卢氏'],,POINT (111.0004383954327 33.98005790891679),111.0004384,33.98005791
101,今河南省伊川县西南,Single,[{'county': 410329}],County,[],['河南'],['洛阳'],['伊川'],西南,POINT (112.29961447646306 34.31849299958165),112.2996145,34.318493
102,山西省潞城县东北,Single,[{'county': 140406}],County,[],['山西'],['长治'],['潞城'],东北,POINT (113.31632415797239 36.425033462075554),113.3163242,36.42503346
103,河北省涉县西北,Single,[{'province': 13}],Province,[],['河北'],['石家庄'],['长安'],西北,POINT (115.09836581648145 40.88935914713104),115.0983658,40.88935915
104,山西省沁水县东,Single,[{'county': 140521}],County,[],['山西'],['晋城'],['沁水'],东,POINT (112.53527074770693 35.79934202979413),112.5352707,35.79934203
105,河南原武县东,Single,[{'province': 41}],Province,[],['河南'],['郑州'],['中原'],东,POINT (114.61564810249254 33.87105993080234),114.6156481,33.87105993
106,河南省宜阳县西,Single,[{'county': 410327}],County,[],['河南'],['洛阳'],['宜阳'],西,POINT (111.90286136797484 34.49243289401025),111.9028614,34.49243289
107,山西垣曲县东南,Single,[{'county': 140827}],County,[],['山西'],['运城'],['垣曲'],东南,POINT (111.95521302567842 35.17184774783355),111.955213,35.17184775
108,河南商水县附近,Single,[{'county': 411623}],County,[],['河南'],['周口'],['商水'],,POINT (114.56711373902762 33.50685568805108),114.5671137,33.50685569
109,河南省沁阳市,Single,[{'county': 410882}],County,[],['河南'],['焦作'],['沁阳'],,POINT (112.8569483953425 35.141146880639134),112.8569484,35.14114688
110,河南登封县西南,Single,[{'county': 410185}],County,[],['河南'],['郑州'],['登封'],西南,POINT (112.89006335310043 34.35856422730103),112.8900634,34.35856423
111,河南省禹州市,Single,[{'county': 411081}],County,[],['河南'],['许昌'],['禹州'],,POINT (113.35347176959424 34.20811326763051),113.3534718,34.20811327
112,河南汝州市西,Single,[{'county': 410482}],County,[],['河南'],['平顶山'],['汝州'],西,POINT (112.7053794168898 34.140917534817284),112.7053794,34.14091753
113,河南荣阳北,Single,[{'province': 41}],Province,[],['河南'],['郑州'],['中原'],北,POINT (113.46008715066654 35.15062894004727),113.4600872,35.15062894
114,山西省阳曲县东北,Single,[{'county': 140122}],County,[],['山西'],['太原'],['阳曲'],东北,POINT (112.93071204824423 38.2796541976855),112.930712,38.2796542
115,山西省文水县东北,Single,[{'county': 141121}],County,[],['山西'],['吕梁'],['文水'],东北,POINT (112.02127509577322 37.50193460664111),112.0212751,37.50193461
116,山西省文水县东北,Single,[{'county': 141121}],County,[],['山西'],['吕梁'],['文水'],东北,POINT (112.02127509577322 37.50193460664111),112.0212751,37.50193461
117,山西省清徐县,Single,[{'county': 140121}],County,[],['山西'],['太原'],['清徐'],,POINT (112.2845892641352 37.61884260531369),112.2845893,37.61884261
118,山西省介休市东北,Single,[{'county': 140781}],County,[],['山西'],['晋中'],['介休'],东北,POINT (112.07477141384096 37.07439019662411),112.0747714,37.0743902
119,山西省榆次市西南,Single,[{'county': 140702}],County,[],['山西'],['晋中'],['榆次'],西南,POINT (112.71009031377348 37.580502346661085),112.7100903,37.58050235
120,河北省邯郸市,Single,[{'city': 1304}],City,[],['河北'],['邯郸'],['邯山'],,POINT (114.4378076382752 36.52042550360742),114.4378076,36.5204255
121,山西省祁县东南,Single,[{'province': 14}],Province,[],['山西'],['太原'],['小店'],东南,POINT (112.64187264646688 36.390949605828496),112.6418726,36.39094961
122,河南省鹤壁市西,Single,[{'city': 4106}],City,[],['河南'],['鹤壁'],['鹤山'],西,POINT (114.1725383820197 35.747500848241565),114.1725384,35.74750085
123,山西省太原市西南,Single,[{'city': 1401}],City,[],['山西'],['太原'],['小店'],西南,POINT (112.21284636381533 37.713281518326276),112.2128464,37.71328152
124,山西省高平市,Single,[{'county': 140581}],County,[],['山西'],['晋城'],['高平'],,POINT (112.90858072608525 35.82211306278013),112.9085807,35.82211306
125,山西省大同县东,Single,[{'city': 1402}],City,[],['山西'],['大同'],['云冈'],东,POINT (113.91313429377253 39.90556964159731),113.9131343,39.90556964
126,河北省平山县东南,Single,[{'county': 130131}],County,[],['河北'],['石家庄'],['平山'],东南,POINT (114.03149041417929 38.314312888660254),114.0314904,38.31431289
127,山西省榆次市,Single,[{'county': 140702}],County,[],['山西'],['晋中'],['榆次'],,POINT (112.79977643532267 37.64636298028531),112.7997764,37.64636298
128,山西省离石县西,Single,[{'county': 141102}],County,[],['山西'],['吕梁'],['离石'],西,POINT (111.16422734681767 37.586583362886806),111.1642273,37.58658336
129,河北省柏乡县北,Single,[{'county': 130524}],County,[],['河北'],['邢台'],['柏乡'],北,POINT (114.72432306018162 37.595459628497046),114.7243231,37.59545963
130,河北省蔚县东北代王城,Single,[{'province': 13}],Province,[],['河北'],['石家庄'],['长安'],,POINT (115.66941329497202 39.352186242076165),115.6694133,39.35218624
131,河北省蔚县东北代王城,Single,[{'province': 13}],Province,[],['河北'],['石家庄'],['长安'],,POINT (115.66941329497202 39.352186242076165),115.6694133,39.35218624
132,河北省获鹿县东南,Single,[{'province': 13}],Province,[],['河北'],['石家庄'],['长安'],东南,POINT (116.90211093871565 38.376611222714985),116.9021109,38.37661122
133,河北省获鹿县东南,Single,[{'province': 13}],Province,[],['河北'],['石家庄'],['长安'],东南,POINT (116.90211093871565 38.376611222714985),116.9021109,38.37661122
134,内蒙古自治区托克托县东北,Single,[{'county': 150122}],County,[],['内蒙古'],['呼和浩特'],['托克托'],东北,POINT (111.3999107187298 40.44634337134528),111.3999107,40.44634337
135,山西省右玉县南,Single,[{'county': 140623}],County,[],['山西'],['朔州'],['右玉'],南,POINT (112.4166967253497 39.85280137508624),112.4166967,39.85280138
136,河北省行唐县东北,Single,[{'county': 130125}],County,[],['河北'],['石家庄'],['行唐'],东北,POINT (114.50958416363585 38.59820186111166),114.5095842,38.59820186
137,山西省汾阳南,Single,[{'county': 141182}],County,[],['山西'],['吕梁'],['汾阳'],南,POINT (111.74457435494267 37.243478954368506),111.7445744,37.24347895
138,河南安阳西南,Single,[{'city': 4105}],City,[],['河南'],['安阳'],['文峰'],西南,POINT (113.91732869845356 35.79192687294331),113.9173287,35.79192687
139,河北省肃宁县东南,Single,[{'county': 130926}],County,[],['河北'],['沧州'],['肃宁'],东南,POINT (115.96343126231967 38.36005547829433),115.9634313,38.36005548
140,河北省元氏县西北,Single,[{'county': 130132}],County,[],['河北'],['石家庄'],['元氏'],西北,POINT (114.3195516859289 37.85804582595422),114.3195517,37.85804583
141,河北邢台,Single,[{'city': 1305}],City,[],['河北'],['邢台'],['襄都'],,POINT (114.82253987107651 37.274786795832874),114.8225399,37.2747868
142,山西省朔州南,Single,[{'city': 1406}],City,[],['山西'],['朔州'],['朔城'],南,POINT (112.54093306080638 39.35259770544631),112.5409331,39.35259771
143,山西省阳曲县,Single,[{'county': 140122}],County,[],['山西'],['太原'],['阳曲'],,POINT (112.59400200885749 38.19680881518068),112.594002,38.19680882
144,河北省隆尧县西,Single,[{'county': 130525}],County,[],['河北'],['邢台'],['隆尧'],西,POINT (114.6848694250169 37.40635604434601),114.6848694,37.40635604
145,山东省平原县南,Single,[{'county': 371426}],County,[],['山东'],['德州'],['平原'],南,POINT (116.40039943129963 37.04393304820331),116.4003994,37.04393305
146,内蒙古自治区淮格尔旗,Single,[{'province': 15}],Province,[],['内蒙古'],['呼和浩特'],['新城'],,POINT (119.05918049571122 45.42294460800112),119.0591805,45.42294461
147,河北省文安县北,Single,[{'county': 131026}],County,[],['河北'],['廊坊'],['文安'],北,POINT (116.51195935017674 38.97140040235287),116.5119594,38.9714004
148,河北省赵县西北南轮城,Single,[{'province': 13}],Province,[],['河北'],['石家庄'],['长安'],,POINT (115.66941329497202 39.352186242076165),115.6694133,39.35218624
149,河南省温县西南,Single,[{'province': 41}],Province,[],['河南'],['郑州'],['中原'],西南,POINT (112.38335199586187 33.07547364435473),112.383352,33.07547364
150,陕西省韩城市西南,Single,[{'county': 610581}],County,[],['陕西'],['渭南'],['韩城'],西南,POINT (110.28670945861255 35.44652330299901),110.2867095,35.4465233
151,陕西省大荔县西南洛河南岸,Single,[{'county': 610523}],County,[],['陕西'],['渭南'],['大荔'],,POINT (110.00883632977765 34.77924932705405),110.0088363,34.77924933
152,陕西省合阳县东南,Single,[{'county': 610524}],County,[],['陕西'],['渭南'],['合阳'],东南,POINT (110.25855756336617 35.11933609995156),110.2585576,35.1193361
153,河北省临漳县西南,Single,[{'county': 130423}],County,[],['河北'],['邯郸'],['临漳'],西南,POINT (114.54043843889552 36.1664834899153),114.5404384,36.16648349
154,河北省无极县东北,Single,[{'county': 130130}],County,[],['河北'],['石家庄'],['无极'],东北,POINT (115.03061283885097 38.240851236967664),115.0306128,38.24085124
155,河南省延津县西南,Single,[{'county': 410726}],County,[],['河南'],['新乡'],['延津'],西南,POINT (114.12898741403053 35.20802338816831),114.1289874,35.20802339
156,河南省睢县西南匡城,Single,[{'province': 41}],Province,[],['河南'],['郑州'],['中原'],,POINT (113.12381458489415 33.90583689978037),113.1238146,33.9058369
157,山西省夏县西北,Single,[{'province': 14}],Province,[],['山西'],['太原'],['小店'],西北,POINT (111.64957364419247 38.8746573162608),111.6495736,38.87465732
158,山西省垣曲县东南,Single,[{'county': 140827}],County,[],['山西'],['运城'],['垣曲'],东南,POINT (111.95521302567842 35.17184774783355),111.955213,35.17184775
159,河南省开封市,Single,[{'city': 4102}],City,[],['河南'],['开封'],['龙亭'],,POINT (114.5419159671769 34.64206516665747),114.541916,34.64206517
160,山西省侯马市西,Single,[{'county': 141081}],County,[],['山西'],['临汾'],['侯马'],西,POINT (111.32840256273724 35.590361031085344),111.3284026,35.59036103
161,河南省兰考县东北,Single,[{'county': 410225}],County,[],['河南'],['开封'],['兰考'],东北,POINT (115.09371727632293 34.94920963353568),115.0937173,34.94920963
162,河南省漯河市-河南省周口市,Multiple,"[{'city': 4111}, {'city': 4116}]",City,['Multiple Matches'],['河南'],"['漯河', '周口']","['源汇', '川汇']",,,,
163,河南浚县西,Single,[{'province': 41}],Province,[],['河南'],['郑州'],['中原'],西,POINT (112.11037058123645 34.10925978091684),112.1103706,34.10925978
164,陕西省华阴市东,Single,[{'county': 610582}],County,[],['陕西'],['渭南'],['华阴'],东,POINT (110.11769948478927 34.52902743134215),110.1176995,34.52902743
165,山西隰县,Single,[{'province': 14}],Province,[],['山西'],['太原'],['小店'],,POINT (112.46586044574987 37.69595105969648),112.4658604,37.69595106
166,陕西铜川西北,Single,[{'city': 6102}],City,[],['陕西'],['铜川'],['王益'],西北,POINT (108.96252737082328 35.36357176636911),108.9625274,35.36357177
167,陕西延安市东北,Single,[{'city': 6106}],City,[],['陕西'],['延安'],['宝塔'],东北,POINT (109.83325215198722 36.97740334693567),109.8332522,36.97740335
168,山西省河津县西,Single,[{'county': 140882}],County,[],['山西'],['运城'],['河津'],西,POINT (110.63718064946438 35.60519550184877),110.6371806,35.6051955
169,山西省永济县西南,Single,[{'county': 140881}],County,[],['山西'],['运城'],['永济'],西南,POINT (110.38285256200496 34.85035664324515),110.3828526,34.85035664
170,河南省封丘县东,Single,[{'county': 410727}],County,[],['河南'],['新乡'],['封丘'],东,POINT (114.57539257684454 35.085738847106576),114.5753926,35.08573885
171,河南省长垣县东北,Single,[{'county': 410783}],County,[],['河南'],['新乡'],['长垣'],东北,POINT (114.86043321480757 35.30718640588338),114.8604332,35.30718641
172,山东省单县,Single,[{'province': 37}],Province,[],['山东'],['济南'],['历下'],,POINT (117.69952645156845 36.329248582554094),117.6995265,36.32924858
173,山西晋城市,Single,[{'city': 1405}],City,[],['山西'],['晋城'],['城区'],,POINT (112.78970097763201 35.6496714425631),112.789701,35.64967144
174,河南省延津县东北,Single,[{'county': 410726}],County,[],['河南'],['新乡'],['延津'],东北,POINT (114.34412994799541 35.406348647450216),114.3441299,35.40634865
175,河南省延津县东,Single,[{'county': 410726}],County,[],['河南'],['新乡'],['延津'],东,POINT (114.31596923368048 35.307402053450254),114.3159692,35.30740205
176,河南省西华县东北,Single,[{'county': 411622}],County,[],['河南'],['周口'],['西华'],东北,POINT (114.58922326848628 33.884613293890695),114.5892233,33.88461329
177,河南省杞县,Single,[{'province': 41}],Province,[],['河南'],['郑州'],['中原'],,POINT (113.12381458489415 33.90583689978037),113.1238146,33.9058369
178,河南省焦作市东北,Single,[{'city': 4108}],City,[],['河南'],['焦作'],['解放'],东北,POINT (113.32474286280727 35.308822915374456),113.3247429,35.30882292
179,河南省获嘉县,Single,[{'county': 410724}],County,[],['河南'],['新乡'],['获嘉'],,POINT (113.63119043763515 35.19746382722026),113.6311904,35.19746383
180,河南省获嘉县,Single,[{'county': 410724}],County,[],['河南'],['新乡'],['获嘉'],,POINT (113.63119043763515 35.19746382722026),113.6311904,35.19746383
181,河南辉县共城故城,Single,"[{'county': 131126}, {'province': 41}]",Province,['Multiple Matches'],"['河南', '河北']","['郑州', '衡水']","['中原', '故城']",,,,
182,河南荥阳东,Single,[{'county': 410182}],County,[],['河南'],['郑州'],['荥阳'],东,POINT (113.39975414779374 34.80371439763867),113.3997541,34.8037144
183,河南许昌-河南鄢陵,Multiple,"[{'city': 4110}, {'county': 411024}]",County,['Multiple Matches'],['河南'],['许昌'],"['鄢陵', '魏都']",,,,
184,山西西南的涑水边,Single,[{'province': 14}],Province,[],['山西'],['太原'],['小店'],,POINT (112.46586044574987 37.69595105969648),112.4658604,37.69595106
185,河北省怀来县东南,Single,[{'county': 130730}],County,[],['河北'],['张家口'],['怀来'],东南,POINT (115.76879660848454 40.23842356619648),115.7687966,40.23842357
186,北京市密云县西南,Single,[{'county': 110118}],County,[],['北京'],['北京'],['密云'],西南,POINT (116.85049272179808 40.40700485687024),116.8504927,40.40700486
187,天津市蓟县,Single,[{'province': 12}],Province,[],['天津'],['天津'],['和平'],,POINT (117.40695886064003 39.38361102724752),117.4069589,39.38361103
188,辽宁省义县西,Single,[{'province': 21}],Province,[],['辽宁'],['沈阳'],['和平'],西,POINT (120.18196381023866 40.922142352933065),120.1819638,40.92214235
189,河北省迁安县西,Single,[{'county': 130283}],County,[],['河北'],['唐山'],['迁安'],西,POINT (118.59078099291241 40.02927311393118),118.590781,40.02927311
190,辽宁省辽阳市,Single,[{'city': 2110}],City,[],['辽宁'],['辽阳'],['白塔'],,POINT (122.77338145279757 41.20683730515917),122.7733815,41.20683731
191,今河北固安县南,Single,[{'county': 131022}],County,[],['河北'],['廊坊'],['固安'],南,POINT (116.30017043150818 39.250941963378274),116.3001704,39.25094196
192,湖北省襄樊市西北,Single,[{'province': 42}],Province,[],['湖北'],['武汉'],['江岸'],西北,POINT (110.94024844251913 32.16669177126137),110.9402484,32.16669177
193,河南省唐河县西南,Single,[{'county': 411328}],County,[],['河南'],['南阳'],['唐河'],西南,POINT (112.6930589243854 32.480310935376686),112.6930589,32.48031094
194,湖北省潜江市西北,Single,[{'county': 429005}],County,[],['湖北'],['直辖级行政单位'],['潜江'],西北,POINT (112.66472038908518 30.469961038928428),112.6647204,30.46996104
195,河南省鹿邑县东,Single,[{'county': 411628}],County,[],['河南'],['周口'],['鹿邑'],东,POINT (115.48040847576172 33.91043560581133),115.4804085,33.91043561
196,河南省淮滨县东南期思乡,Single,[{'county': 411527}],County,[],['河南'],['信阳'],['淮滨'],,POINT (115.32510049543883 32.445541582065275),115.3251005,32.44554158
197,安徽省临泉县,Single,[{'county': 341221}],County,[],['安徽'],['阜阳'],['临泉'],,POINT (115.32646769440711 32.85919356801763),115.3264677,32.85919357
198,湖北省宜城市东南,Single,[{'county': 420684}],County,[],['湖北'],['襄阳'],['宜城'],东南,POINT (112.54872968817955 31.594443674695828),112.5487297,31.59444367
199,河南省南阳市,Single,[{'city': 4113}],City,[],['河南'],['南阳'],['宛城'],,POINT (112.17181874534914 33.04812010799885),112.1718187,33.04812011
200,河南省西峡县,Single,[{'county': 411323}],County,[],['河南'],['南阳'],['西峡'],,POINT (111.33467951835274 33.464826080571065),111.3346795,33.46482608
201,河南省叶县南,Single,[{'province': 41}],Province,[],['河南'],['郑州'],['中原'],南,POINT (113.34345581508488 32.6592671778409),113.3434558,32.65926718
202,湖北省老河口市北,Single,[{'county': 420682}],County,[],['湖北'],['襄阳'],['老河口'],北,POINT (111.67915287960474 32.57991280275441),111.6791529,32.5799128
203,河南省息县西南,Single,[{'province': 41}],Province,[],['河南'],['郑州'],['中原'],西南,POINT (112.38335199586187 33.07547364435473),112.383352,33.07547364
204,河南省信阳市东北,Single,[{'city': 4115}],City,[],['河南'],['信阳'],['浉河'],东北,POINT (115.39159126051227 32.36658840647766),115.3915913,32.36658841
205,湖北省竹山县西南,Single,[{'county': 420323}],County,[],['湖北'],['十堰'],['竹山'],西南,POINT (110.02967793848985 31.835038804173376),110.0296779,31.8350388
206,湖北省随州市,Single,[{'city': 4213}],City,[],['湖北'],['随州'],['曾都'],,POINT (113.40979291666414 31.8933664335604),113.4097929,31.89336643
207,湖北省宜城县东南楚王城,Single,[{'county': 420684}],County,[],['湖北'],['襄阳'],['宜城'],,POINT (112.40898398232466 31.67594119377808),112.408984,31.67594119
208,河南省淮阳县,Single,[{'county': 411603}],County,[],['河南'],['周口'],['淮阳'],,POINT (114.83427319314947 33.6808532217299),114.8342732,33.68085322
209,河南省淮阳县,Single,[{'county': 411603}],County,[],['河南'],['周口'],['淮阳'],,POINT (114.83427319314947 33.6808532217299),114.8342732,33.68085322
210,河南省平舆县北,Single,[{'county': 411723}],County,[],['河南'],['驻马店'],['平舆'],北,POINT (114.6180716763989 33.08854590983806),114.6180717,33.08854591
211,今山东省莒县,Single,[{'province': 37}],Province,[],['山东'],['济南'],['历下'],,POINT (117.69952645156845 36.329248582554094),117.6995265,36.32924858
212,河南省鲁山县,Single,[{'county': 410423}],County,[],['河南'],['平顶山'],['鲁山'],,POINT (112.67259130809529 33.77571317765083),112.6725913,33.77571318
213,湖南省常德市西,Single,[{'city': 4307}],City,[],['湖南'],['常德'],['武陵'],西,POINT (111.38015803947606 29.2663662910528),111.380158,29.26636629
214,江苏省扬州市西北,Single,[{'city': 3210}],City,[],['江苏'],['扬州'],['广陵'],西北,POINT (119.42764714822707 33.08565479742995),119.4276471,33.0856548
215,安徽省六安县东北,Single,[{'city': 3415}],City,[],['安徽'],['六安'],['金安'],东北,POINT (116.39834601932587 32.121570977949645),116.398346,32.12157098
216,江苏省苏州市,Single,[{'city': 3205}],City,[],['江苏'],['苏州'],['虎丘'],,POINT (120.7126511410452 31.39026754301627),120.7126511,31.39026754
217,河南省上蔡县城关一带,Single,[{'county': 411722}],County,[],['河南'],['驻马店'],['上蔡'],,POINT (114.43567889279541 33.303063368792536),114.4356789,33.30306337
218,安徽省凤阳县东北临淮关,Single,[{'county': 341126}],County,[],['安徽'],['滁州'],['凤阳'],,POINT (117.6495453769205 32.83467915504201),117.6495454,32.83467916
219,江苏省镇江市东丹徒镇,Single,[{'county': 321112}],County,[],['江苏'],['镇江'],['丹徒'],,POINT (119.41218290566925 32.043072090000535),119.4121829,32.04307209
220,河南省襄城县,Single,[{'county': 411025}],County,[],['河南'],['许昌'],['襄城'],,POINT (113.56219221195806 33.860050741376114),113.5621922,33.86005074
221,山东省苍山县西南,Single,[{'province': 37}],Province,[],['山东'],['济南'],['历下'],西南,POINT (116.68355099730081 35.443140825344365),116.683551,35.44314083
222,安徽省寿县,Single,[{'province': 34}],Province,[],['安徽'],['合肥'],['瑶海'],,POINT (117.14809790774521 32.07365199116148),117.1480979,32.07365199
223,甘肃省天水市,Single,[{'city': 6205}],City,[],['甘肃'],['天水'],['秦州'],,POINT (105.56274238051873 34.60741068424415),105.5627424,34.60741068
224,甘肃省甘谷县东,Single,[{'county': 620523}],County,[],['甘肃'],['天水'],['甘谷'],东,POINT (105.38439828275855 34.84159355453501),105.3843983,34.84159355
225,陕西省渭南市北,Single,[{'city': 6105}],City,[],['陕西'],['渭南'],['临渭'],北,POINT (110.00285855788006 35.40464219324823),110.0028586,35.40464219
226,陕西省西安市南,Single,[{'city': 6101}],City,[],['陕西'],['西安'],['新城'],南,POINT (108.65098194791896 33.91365067571057),108.6509819,33.91365068
227,陕西省华县,Single,[{'province': 61}],Province,[],['陕西'],['西安'],['新城'],,POINT (109.56737398447608 35.637090531250415),109.567374,35.63709053
228,陕西省宝鸡县西,Single,[{'city': 6103}],City,[],['陕西'],['宝鸡'],['渭滨'],西,POINT (106.94687429694063 34.34824100419983),106.9468743,34.348241
229,陕西省大荔县东,Single,[{'county': 610523}],County,[],['陕西'],['渭南'],['大荔'],东,POINT (110.13884238537564 34.83026529278585),110.1388424,34.83026529
230,陕西省富平县东北,Single,[{'county': 610528}],County,[],['陕西'],['渭南'],['富平'],东北,POINT (109.33362183005308 35.001187061835715),109.3336218,35.00118706
231,陕西省凤翔县西南,Single,[{'county': 610322}],County,[],['陕西'],['宝鸡'],['凤翔'],西南,POINT (107.31421156873867 34.526892798507525),107.3142116,34.5268928
232,陕西省韩城市北,Single,[{'county': 610581}],County,[],['陕西'],['渭南'],['韩城'],北,POINT (110.37029859809458 35.706433256174634),110.3702986,35.70643326
233,陕西省韩城市东南,Single,[{'county': 610581}],County,[],['陕西'],['渭南'],['韩城'],东南,POINT (110.44977609083392 35.4264434144028),110.4497761,35.42644341
234,陕西省蒲城县南,Single,[{'county': 610526}],County,[],['陕西'],['渭南'],['蒲城'],南,POINT (109.55047879209465 34.86543826101987),109.5504788,34.86543826
235,陕西省临潼县东北,Single,[{'county': 610115}],County,[],['陕西'],['西安'],['临潼'],东北,POINT (109.34807441839158 34.553441245326276),109.3480744,34.55344125
236,陕西省蓝田县西,Single,[{'county': 610122}],County,[],['陕西'],['西安'],['蓝田'],西,POINT (109.27905766749033 34.08458191777829),109.2790577,34.08458192
237,陕西省高陵县,Single,[{'county': 610117}],County,[],['陕西'],['西安'],['高陵'],,POINT (109.06900809427152 34.51031442957573),109.0690081,34.51031443
238,今陕西省武功县西南,Single,[{'county': 610431}],County,[],['陕西'],['咸阳'],['武功'],西南,POINT (108.14926621457418 34.27133001798339),108.1492662,34.27133002
239,今陕西省武功县西北,Single,[{'county': 610431}],County,[],['陕西'],['咸阳'],['武功'],西北,POINT (108.1012651312322 34.370570060965576),108.1012651,34.37057006
240,今陕西省眉县东,Single,[{'province': 61}],Province,[],['陕西'],['西安'],['新城'],东,POINT (109.7058630784871 35.59243020252936),109.7058631,35.5924302
241,陕西省咸阳市东,Single,[{'city': 6104}],City,[],['陕西'],['咸阳'],['秦都'],东,POINT (108.53722495405201 34.893104619272556),108.537225,34.89310462
242,陕西华县东北,Single,"[{'county': 411622}, {'province': 61}]",Province,['Multiple Matches'],"['河南', '陕西']","['周口', '西安']","['新城', '西华']",东北,,,
243,陕西省丹凤县西北,Single,[{'county': 611022}],County,[],['陕西'],['商洛'],['丹凤'],西北,POINT (110.31863846028146 33.820052539082454),110.3186385,33.82005254
244,河南省陕县西南,Single,[{'province': 41}],Province,[],['河南'],['郑州'],['中原'],西南,POINT (112.38335199586187 33.07547364435473),112.383352,33.07547364
245,甘肃省庆阳市西南,Single,[{'city': 6210}],City,[],['甘肃'],['庆阳'],['西峰'],西南,POINT (107.25944568091825 35.81841849070851),107.2594457,35.81841849
246,陕西省汉中市,Single,[{'city': 6107}],City,[],['陕西'],['汉中'],['汉台'],,POINT (106.99336722480402 33.00353756143329),106.9933672,33.00353756
247,宁夏回族自治区盐池县境,Single,[{'county': 640323}],County,[],['宁夏'],['吴忠'],['盐池'],,POINT (107.00028007135559 37.646445581799604),107.0002801,37.64644558
248,重庆市嘉陵江北岸,Single,[{'county': 500105}],County,[],['重庆'],['重庆'],['江北'],,POINT (106.73761629807574 29.60981185077392),106.7376163,29.60981185
249,重庆市奉节县东白帝城,Single,[{'county': 500236}],County,[],['重庆'],['重庆辖'],['奉节'],,POINT (109.38437996965476 30.95340856243562),109.38438,30.95340856
250,四川省阆中市,Single,[{'county': 511381}],County,[],['四川'],['南充'],['阆中'],,POINT (105.98282278979889 31.60634436152663),105.9828228,31.60634436
251,四川省松潘县西北,Single,[{'county': 513224}],County,[],['四川'],['阿坝'],['松潘'],西北,POINT (103.38554921646667 32.86571262950649),103.3855492,32.86571263
252,四川省松潘县西北,Single,[{'county': 513224}],County,[],['四川'],['阿坝'],['松潘'],西北,POINT (103.38554921646667 32.86571262950649),103.3855492,32.86571263
253,宁夏回族自治区固原市东南,Single,[{'city': 6404}],City,[],['宁夏'],['固原'],['原州'],东南,POINT (106.34381974568689 35.62414200158884),106.3438197,35.624142
254,四川省成都市,Single,[{'city': 5101}],City,[],['四川'],['成都'],['锦江'],,POINT (103.90054001372168 30.770664201933663),103.90054,30.7706642
255,四川省郫县,Single,[{'province': 51}],Province,[],['四川'],['成都'],['锦江'],,POINT (102.74432614934533 30.401220388905287),102.7443261,30.40122039
256,四川省邛崃市,Single,[{'county': 510183}],County,[],['四川'],['成都'],['邛崃'],,POINT (103.42297607906394 30.384929557001175),103.4229761,30.38492956
257,陕西省眉县东北,Single,[{'province': 61}],Province,[],['陕西'],['西安'],['新城'],东北,POINT (109.7110638812143 37.38898234941382),109.7110639,37.38898235
258,山西省垣曲县东南,Single,[{'county': 140827}],County,[],['山西'],['运城'],['垣曲'],东南,POINT (111.95521302567842 35.17184774783355),111.955213,35.17184775
259,内蒙古自治区准格尔旗西南,Single,[{'county': 150622}],County,[],['内蒙古'],['鄂尔多斯'],['准格尔旗'],西南,POINT (110.61311119381463 39.56408481742644),110.6131112,39.56408482
260,陕西省延安市东南,Single,[{'city': 6106}],City,[],['陕西'],['延安'],['宝塔'],东南,POINT (109.91103400766251 36.02608090567445),109.911034,36.02608091
261,甘肃省临洮县,Single,[{'county': 621124}],County,[],['甘肃'],['定西'],['临洮'],,POINT (104.03302043215487 35.532663239594505),104.0330204,35.53266324
262,河南省邓州市,Single,[{'county': 411381}],County,[],['河南'],['南阳'],['邓州'],,POINT (112.09151462879211 32.70042143298328),112.0915146,32.70042143
263,湖北省谷城县东,Single,[{'county': 420625}],County,[],['湖北'],['襄阳'],['谷城'],东,POINT (111.60554158401811 32.22755041063276),111.6055416,32.22755041
264,重庆市涪陵区东北,Single,[{'county': 500102}],County,[],['重庆'],['重庆'],['涪陵'],东北,POINT (107.46900370628697 29.79949117096009),107.4690037,29.79949117
265,湖北省江陵县西北纪南城,Single,[{'county': 421024}],County,[],['湖北'],['荆州'],['江陵'],,POINT (112.43704294607367 30.108421195998343),112.4370429,30.1084212
266,重庆市巫山县北,Single,[{'county': 500237}],County,[],['重庆'],['重庆辖'],['巫山'],北,POINT (109.93173389243509 31.336877143690153),109.9317339,31.33687714
267,河南省新郑市北,Single,[{'county': 410184}],County,[],['河南'],['郑州'],['新郑'],北,POINT (113.75451498761709 34.56564885863883),113.754515,34.56564886
268,河南省原阳县西南原武西北,Single,[{'county': 410725}],County,[],['河南'],['新乡'],['原阳'],西北,POINT (113.87321513981338 35.114713072158274),113.8732151,35.11471307
269,山东省定陶县,Single,[{'county': 371703}],County,[],['山东'],['菏泽'],['定陶'],,POINT (115.62884620444433 35.12575404167119),115.6288462,35.12575404
270,河南省洛阳市西,Single,[{'city': 4103}],City,[],['河南'],['洛阳'],['老城'],西,POINT (111.59492412237095 34.339309953133416),111.5949241,34.33930995
271,河南省汝州市西南,Single,[{'county': 410482}],County,[],['河南'],['平顶山'],['汝州'],西南,POINT (112.6881268599757 34.03812972867452),112.6881269,34.03812973
272,河南偃师市东南,Single,[{'county': 410381}],County,[],['河南'],['洛阳'],['偃师'],东南,POINT (112.816604062791 34.55616479836102),112.8166041,34.5561648
273,河南省安阳市南,Single,[{'city': 4105}],City,[],['河南'],['安阳'],['文峰'],南,POINT (114.70546713566738 35.54121062932875),114.7054671,35.54121063
274,河南省安阳市南,Single,[{'city': 4105}],City,[],['河南'],['安阳'],['文峰'],南,POINT (114.70546713566738 35.54121062932875),114.7054671,35.54121063
275,河南新郑,Single,[{'county': 410184}],County,[],['河南'],['郑州'],['新郑'],,POINT (113.78184439228139 34.47739020330439),113.7818444,34.4773902
276,安徽省淮南市东南,Single,[{'city': 3404}],City,[],['安徽'],['淮南'],['大通'],东南,POINT (116.88814752722476 32.203208728675165),116.8881475,32.20320873
277,河南省洛阳市西北,Single,[{'city': 4103}],City,[],['河南'],['洛阳'],['老城'],西北,POINT (112.00753559378374 34.6730284237625),112.0075356,34.67302842
278,河南省孟津县东北,Single,[{'county': 410322}],County,[],['河南'],['洛阳'],['孟津'],东北,POINT (112.5020198002255 34.89202816356838),112.5020198,34.89202816
279,河南省偃师市东,Single,[{'county': 410381}],County,[],['河南'],['洛阳'],['偃师'],东,POINT (112.77579040696143 34.63562527932887),112.7757904,34.63562528
280,河南省巩义西南,Single,[{'county': 410181}],County,[],['河南'],['郑州'],['巩义'],西南,POINT (112.92704651590208 34.63332847737355),112.9270465,34.63332848
281,河南省尉氏县,Single,[{'county': 410223}],County,[],['河南'],['开封'],['尉氏'],,POINT (114.1174381575811 34.406584617105636),114.1174382,34.40658462
282,河南省沁阳市西北,Single,[{'county': 410882}],County,[],['河南'],['焦作'],['沁阳'],西北,POINT (112.82207243327667 35.1899388821775),112.8220724,35.18993888
283,湖北省云梦县,Single,[{'county': 420923}],County,[],['湖北'],['孝感'],['云梦'],,POINT (113.76869021327994 30.989611582042215),113.7686902,30.98961158
284,河南省濮阳市西南,Single,[{'city': 4109}],City,[],['河南'],['濮阳'],['华龙'],西南,POINT (115.09439032281703 35.571330064471425),115.0943903,35.57133006
285,陕西省淳化县西北,Single,[{'county': 610430}],County,[],['陕西'],['咸阳'],['淳化'],西北,POINT (108.44699408731087 34.92222745188126),108.4469941,34.92222745
286,陕西省临潼县东北,Single,[{'county': 610115}],County,[],['陕西'],['西安'],['临潼'],东北,POINT (109.34807441839158 34.553441245326276),109.3480744,34.55344125
287,今河南省禹州市,Single,[{'county': 411081}],County,[],['河南'],['许昌'],['禹州'],,POINT (113.35347176959424 34.20811326763051),113.3534718,34.20811327
288,北京城西南隅,Single,"[{'province': 11}, {'county': 630104}]",County,['Multiple Matches'],"['青海', '北京']","['西宁', '北京']","['东城', '城西']",西南,,,
289,河南省睢县,Single,[{'province': 41}],Province,[],['河南'],['郑州'],['中原'],,POINT (113.12381458489415 33.90583689978037),113.1238146,33.9058369
290,安徽省砀山县南,Single,[{'county': 341321}],County,[],['安徽'],['宿州'],['砀山'],南,POINT (116.42571307192041 34.371440427111274),116.4257131,34.37144043
291,河南省商丘市南,Single,[{'city': 4114}],City,[],['河南'],['商丘'],['梁园'],南,POINT (116.3184767708963 33.99810767389116),116.3184768,33.99810767
292,安徽省太和县北,Single,[{'county': 341222}],County,[],['安徽'],['阜阳'],['太和'],北,POINT (115.61875685195962 33.471821857026576),115.6187569,33.47182186
293,山东省曲阜市,Single,[{'county': 370881}],County,[],['山东'],['济宁'],['曲阜'],,POINT (116.99474316451168 35.64159953406138),116.9947432,35.64159953
294,江苏省沛县,Single,[{'province': 32}],Province,[],['江苏'],['南京'],['玄武'],,POINT (119.57166752700992 32.97528466676129),119.5716675,32.97528467
295,安徽省濉溪县西北,Single,[{'county': 340621}],County,[],['安徽'],['淮北'],['濉溪'],西北,POINT (116.57588881152267 33.823552352605766),116.5758888,33.82355235
296,湖南省长沙市,Single,[{'city': 4301}],City,[],['湖南'],['长沙'],['芙蓉'],,POINT (113.23717406485466 28.25916147386988),113.2371741,28.25916147
297,湖南省汨罗市西北,Single,[{'county': 430681}],County,[],['湖南'],['岳阳'],['汨罗'],西北,POINT (112.99792683337265 28.909809071726052),112.9979268,28.90980907
298,江苏省苏州市,Single,[{'city': 3205}],City,[],['江苏'],['苏州'],['虎丘'],,POINT (120.7126511410452 31.39026754301627),120.7126511,31.39026754
299,湖南龙山里耶城址,Single,[{'county': 433130}],County,[],['湖南'],['湘西'],['龙山'],,POINT (109.46449966749641 29.205797833243768),109.4644997,29.20579783
300,湖南省永顺县南,Single,[{'county': 433127}],County,[],['湖南'],['湘西'],['永顺'],南,POINT (110.02954507953939 28.843204184669364),110.0295451,28.84320418
301,湖南益阳东,Single,[{'city': 4309}],City,[],['湖南'],['益阳'],['资阳'],东,POINT (112.46844864770361 28.862263231360426),112.4684486,28.86226323
302,湖南省慈利县东,Single,[{'county': 430821}],County,[],['湖南'],['张家界'],['慈利'],东,POINT (111.10625040588607 29.480847605955194),111.1062504,29.48084761
303,湖南安乡县,Single,[{'county': 430721}],County,[],['湖南'],['常德'],['安乡'],,POINT (112.1451633107634 29.417596111825205),112.1451633,29.41759611
304,湖南汉寿县,Single,[{'county': 430722}],County,[],['湖南'],['常德'],['汉寿'],,POINT (112.02766862049589 28.899715462747814),112.0276686,28.89971546
